name,extId,x,y,category,puic,prodclass,x_real,y2,join_id,join_name,isInAustria
Wien Laxenburger Straße/Troststraße,107,0,0,0,0,0,16.370534,48.169102,0,0,1
Wien Laxenburger Straße/Raxstraße,108,0,0,0,0,0,16.368269,48.165021,0,0,1
Wien Sibeliusstraße,109,0,0,0,0,0,16.36657,48.158773,0,0,1
Wien Siedlung Blumental,110,0,0,0,0,0,16.361356,48.145523,0,0,1
Wien Hbf (Busbahnhof Südtiroler Platz),105,0,0,0,0,0,16.375326,48.185507,0,0,1
Wien Laxenburger Straße/Heizwerkstraße,111,0,0,0,0,0,16.358767,48.139599,0,0,1
Wien Quellenplatz (Laxenburger Straße),106,0,0,0,0,0,16.373528,48.175628,0,0,1
Wien Laxenburger Straße/Gudrunstraße,170,0,0,0,0,0,16.373735,48.178334,0,0,1
Wien Meidling Bahnhof,340,0,0,0,0,0,16.331926,48.174433,0,0,1
Wien Blumental Bahnhof,341,0,0,0,0,0,16.367721,48.135258,0,0,1
Wien Grillgasse Bahnhof,338,0,0,0,0,0,16.407174,48.166747,0,0,1
Wien Hbf,339,0,0,0,0,0,16.375326,48.185507,0,0,1
Wien Karlsplatz (Nr.1-3),622,0,0,0,0,0,16.369366,48.200663,0,0,1
Wien Matzleinsdorfer Platz (Quellenstraße),623,0,0,0,0,0,16.358723,48.180195,0,0,1
Wien Altdorferstraße,624,0,0,0,0,0,16.349419,48.168689,0,0,1
Wien Triester Straße/Computerstraße,625,0,0,0,0,0,16.342012,48.157677,0,0,1
Wien Matzleinsdorfer Platz (Triester Straße),674,0,0,0,0,0,16.358723,48.180195,0,0,1
Wien Westbahnhof (Felberstraße),669,0,0,0,0,0,16.337607,48.19687,0,0,1
Wien Karlsplatz (Esperantopark),675,0,0,0,0,0,16.369366,48.200663,0,0,1
Wien Rathausplatz/Universität,698,0,0,0,0,0,16.360673,48.210533,0,0,1
Wien Spinnerin am Kreuz,1443,0,0,0,0,0,16.350506,48.170415,0,0,1
Möllersdorf Lokalbahn (Wiener Straße),1517,0,0,0,0,0,16.334353,48.149928,0,0,1
Wien Zentralfriedhof 2.Tor (Simmeringer Hauptstr.),1800,0,0,0,0,0,16.44181,48.154746,0,0,1
Wien Hauptwerkstätte (Simmeringer Hauptstraße),1801,0,0,0,0,0,16.415058,48.17437,0,0,1
Flughafen Wien Busterminal,1791,0,0,0,0,0,16.563596,48.119976,0,0,1
Schwechat Wiener Straße,1802,0,0,0,0,0,16.472616,48.143339,0,0,1
Schwechat B10/Rathausplatz,1803,0,0,0,0,0,16.476131,48.141164,0,0,1
Schwechat Möhringgasse,1804,0,0,0,0,0,16.480257,48.140669,0,0,1
Wien Simmering Bahnhof (Simmeringer Platz),1799,0,0,0,0,0,16.419687,48.170226,0,0,1
Schwechat Bahnhof (Busbahnhof),1805,0,0,0,0,0,16.482162,48.142755,0,0,1
Schwechat Rotes Kreuz,1806,0,0,0,0,0,16.485147,48.139878,0,0,1
Schwechat Am Waldfriedhof,1807,0,0,0,0,0,16.488383,48.138728,0,0,1
Schwechat Concorde-Park,1808,0,0,0,0,0,16.492518,48.137739,0,0,1
Kledering Bahnhof,1873,0,0,0,0,0,16.439491,48.132606,0,0,1
Schwechat Hauptplatz (B10),1881,0,0,0,0,0,16.477173,48.140103,0,0,1
Flughafen Wien Bahnhof,3431,0,0,0,0,0,16.563973,48.120587,0,0,1
Wien Heiligenstadt Bahnhof,5250,0,0,0,0,0,16.365446,48.249034,0,0,1
Wien Spittelau Bahnhof,5251,0,0,0,0,0,16.358381,48.235353,0,0,1
Wien Franz-Josefs-Bahnhof,5252,0,0,0,0,0,16.360997,48.226642,0,0,1
St.Pölten Hbf (Busterminal),5327,0,0,0,0,0,16.563596,48.119976,0,0,1
Klosterneuburg Langstögergasse,5572,0,0,0,0,0,16.319862,48.310251,0,0,1
Klosterneuburg Dietrichsteingasse,5573,0,0,0,0,0,16.317633,48.313055,0,0,1
Klosterneuburg Albrechtstraße/Martinstraße,5574,0,0,0,0,0,16.31339,48.316894,0,0,1
Klosterneuburg Statzengasse,5575,0,0,0,0,0,16.310423,48.318692,0,0,1
Klosterneuburg Gymnasium,5567,0,0,0,0,0,16.319691,48.304237,0,0,1
Klosterneuburg Roman-Scholz-Pl. (F.-Rumpler-Str.),5568,0,0,0,0,0,16.326146,48.303536,0,0,1
Klosterneuburg Stiftsgarten (Pater-Abel-Straße),5569,0,0,0,0,0,16.329912,48.304947,0,0,1
Klosterneuburg Hausergasse,5576,0,0,0,0,0,16.306288,48.321937,0,0,1
Klosterneuburg-Kierling Bahnhof (Niedermarkt),5570,0,0,0,0,0,16.326307,48.30981,0,0,1
Klosterneuburg Stadtplatz,5571,0,0,0,0,0,16.322361,48.308489,0,0,1
Kritzendorf Klinggasse,5577,0,0,0,0,0,16.304661,48.323384,0,0,1
St.Andrä-Wördern Mittelschule (L188),5566,0,0,0,0,0,16.211578,48.323923,0,0,1
St.Andrä-Wördern Mittelschule,5564,0,0,0,0,0,16.211578,48.323923,0,0,1
St.Andrä-Wördern Volksschule,5597,0,0,0,0,0,16.210778,48.323411,0,0,1
St.Andrä-Wördern Mittelschule (Hauptstraße),5565,0,0,0,0,0,16.211578,48.323923,0,0,1
Steinriegl Hirschbergweg (Wendestelle),5638,0,0,0,0,0,16.202993,48.272145,0,0,1
Wolfpassing b.Tulln Ortsmitte,5603,0,0,0,0,0,16.179487,48.31275,0,0,1
St.Andrä-Wördern Königstetter Straße,5602,0,0,0,0,0,16.205331,48.321415,0,0,1
Wien Donauwarte,5632,0,0,0,0,0,16.347001,48.283777,0,0,1
St.Andrä-Wördern Friedhofsiedlung,5610,0,0,0,0,0,16.194687,48.323186,0,0,1
Klosterneuburg Stiftsgarten (Wiener Straße),5627,0,0,0,0,0,16.329912,48.304947,0,0,1
Klosterneuburg Leopoldbrücke (Leopoldstraße),5628,0,0,0,0,0,16.332528,48.300147,0,0,1
Wien Grinzinger Straße,5636,0,0,0,0,0,16.365428,48.254787,0,0,1
Klosterneuburg-Weidling Bahnhof (Wiener Straße),5629,0,0,0,0,0,16.334703,48.297342,0,0,1
Wien Kahlenbergerdorf,5633,0,0,0,0,0,16.356107,48.274977,0,0,1
Klosterneuburg Lothringerstiege,5630,0,0,0,0,0,16.33785,48.291643,0,0,1
Klosterneuburg Kammerjoch,5631,0,0,0,0,0,16.34051,48.289297,0,0,1
Wien Burgstall,5634,0,0,0,0,0,16.361222,48.26997,0,0,1
Wien Nußdorf Bahnhst (Heiligenstädter Straße),5635,0,0,0,0,0,16.365446,48.249034,0,0,1
Wien Heiligenstadt Bf (Vorplatz),5637,0,0,0,0,0,16.365446,48.249034,0,0,1
St.Andrä-Wördern Tullner Straße,5609,0,0,0,0,0,16.204486,48.322278,0,0,1
Steinriegl Hochstraße,5640,0,0,0,0,0,16.205708,48.276469,0,0,1
Steinriegl Hirschbergweg (Am Steinriegl),5639,0,0,0,0,0,16.202993,48.272145,0,0,1
Oberkirchbach Am Waldrand,5641,0,0,0,0,0,16.207964,48.281153,0,0,1
Oberkirchbach Gh Bonka,5642,0,0,0,0,0,16.202472,48.283616,0,0,1
Oberkirchbach Talgasse,5643,0,0,0,0,0,16.197474,48.285494,0,0,1
Oberkirchbach Kogelweg,5644,0,0,0,0,0,16.197321,48.287841,0,0,1
Unterkirchbach Casinostraße,5645,0,0,0,0,0,16.194903,48.290978,0,0,1
Kierling Hauptstraße,5677,0,0,0,0,0,16.286773,48.307078,0,0,1
Unterkirchbach Schlossbergweg,5646,0,0,0,0,0,16.196566,48.29274,0,0,1
Hintersdorf Waldparksiedlung,5647,0,0,0,0,0,16.213673,48.296246,0,0,1
Hintersdorf Grabenweg,5648,0,0,0,0,0,16.214904,48.297468,0,0,1
Kierling Schuberthöhe,5671,0,0,0,0,0,16.262457,48.30786,0,0,1
Hintersdorf Schloss,5649,0,0,0,0,0,16.216172,48.299832,0,0,1
Hintersdorf Feuerwehr,5650,0,0,0,0,0,16.218257,48.304183,0,0,1
St.Andrä-Wördern Hagenbachklamm,5651,0,0,0,0,0,16.211848,48.315536,0,0,1
St.Andrä-Wördern Kirche,5652,0,0,0,0,0,16.207578,48.3212,0,0,1
St.Andrä-Wördern Föhrengasse,5663,0,0,0,0,0,16.196998,48.31862,0,0,1
Maria Gugging Lourdesgrotte,5664,0,0,0,0,0,16.236406,48.31746,0,0,1
Maria Gugging Hochäckergasse,5665,0,0,0,0,0,16.240182,48.315303,0,0,1
Maria Gugging Freyengasse,5666,0,0,0,0,0,16.242941,48.313999,0,0,1
Maria Gugging Feuerwehr,5667,0,0,0,0,0,16.246133,48.313748,0,0,1
Kierling Maital,5672,0,0,0,0,0,16.265711,48.307743,0,0,1
Maria Gugging Kirche,5668,0,0,0,0,0,16.250429,48.312588,0,0,1
Maria Gugging Neubau,5669,0,0,0,0,0,16.254313,48.311383,0,0,1
Kierling Stegleiten,5678,0,0,0,0,0,16.292445,48.30545,0,0,1
Maria Gugging I.S.T. Austria,5670,0,0,0,0,0,16.257944,48.308669,0,0,1
Kierling Volksschule,5674,0,0,0,0,0,16.273774,48.308884,0,0,1
Kierling Grüntal,5675,0,0,0,0,0,16.276606,48.309532,0,0,1
Klosterneuburg Küffnergasse,5682,0,0,0,0,0,16.309219,48.306925,0,0,1
Kierling Falbgasse,5676,0,0,0,0,0,16.279546,48.308938,0,0,1
Klosterneuburg Lorenz-Böhler-Weg,5679,0,0,0,0,0,16.295349,48.305459,0,0,1
Klosterneuburg Marienheim,5680,0,0,0,0,0,16.299016,48.306152,0,0,1
Klosterneuburg Karl-Domanig-Gasse,5683,0,0,0,0,0,16.320051,48.307194,0,0,1
Klosterneuburg Fellergraben,5681,0,0,0,0,0,16.304482,48.306997,0,0,1
Kierling Lenaugasse,5673,0,0,0,0,0,16.26706,48.308507,0,0,1
Wien Am Spitz (Floridsdorfer Hauptstraße),6032,0,0,0,0,0,16.400019,48.261646,0,0,1
Wien Skodagasse (Alser Straße),6691,0,0,0,0,0,16.34887,48.215037,0,0,1
Wien Brünnlbadgasse,6692,0,0,0,0,0,16.345715,48.215415,0,0,1
Wien Himmelmutterweg,6701,0,0,0,0,0,16.295807,48.230678,0,0,1
Wien Alser Straße (Unterführung Lazarettgasse),6693,0,0,0,0,0,16.351774,48.219001,0,0,1
Wien Palffygasse,6694,0,0,0,0,0,16.336735,48.217626,0,0,1
Wien Elterleinplatz (Mitte),6695,0,0,0,0,0,16.331485,48.218102,0,0,1
Wien Schottentor (Straßenbahnschleife),6688,0,0,0,0,0,16.362102,48.214201,0,0,1
Wien Landesgerichtsstraße,6689,0,0,0,0,0,16.356961,48.214507,0,0,1
Wien Neuwaldegg (Rudolf-Kirchschläger-Platz),6702,0,0,0,0,0,16.288004,48.236836,0,0,1
Wien Lange Gasse,6690,0,0,0,0,0,16.350947,48.214992,0,0,1
Wien Rosensteingasse (Hernalser Hauptstraße),6696,0,0,0,0,0,16.326658,48.219316,0,0,1
Wien Hernals Wattgasse (Kreuzungsplateau),6697,0,0,0,0,0,16.321345,48.221545,0,0,1
Wien Elterleinplatz (Jörgerstraße),6703,0,0,0,0,0,16.331485,48.218102,0,0,1
Wien Hernals Bahnhst (Hernalser Hauptstraße),6698,0,0,0,0,0,16.315359,48.223577,0,0,1
Wien Dornbach (Hernalser Hauptstraße),6699,0,0,0,0,0,16.301875,48.228161,0,0,1
Wien Dornbacher Straße,6700,0,0,0,0,0,16.301875,48.228161,0,0,1
Wien Messe-Prater (U2),6840,0,0,0,0,0,16.406213,48.217896,0,0,1
Wien Karlsplatz (U2),6832,0,0,0,0,0,16.369366,48.200663,0,0,1
Wien Museumsquartier (U2),6833,0,0,0,0,0,16.36141,48.202605,0,0,1
Wien Krieau (U2),6841,0,0,0,0,0,16.413763,48.214668,0,0,1
Wien Volkstheater (U2),6834,0,0,0,0,0,16.35803,48.205104,0,0,1
Wien Donauspital (U2),6847,0,0,0,0,0,16.465514,48.219621,0,0,1
Wien Rathaus (U2),6835,0,0,0,0,0,16.355361,48.210255,0,0,1
Wien Stadion (U2),6842,0,0,0,0,0,16.421,48.210309,0,0,1
Wien Schottentor (U2),6836,0,0,0,0,0,16.362102,48.214201,0,0,1
Wien Schottenring (U2),6837,0,0,0,0,0,16.37128,48.217104,0,0,1
Wien Taborstraße (U2),6838,0,0,0,0,0,16.380737,48.219028,0,0,1
Wien Donaumarina (U2),6843,0,0,0,0,0,16.431203,48.206066,0,0,1
Wien Praterstern Bf (U2),6839,0,0,0,0,0,16.392153,48.219082,0,0,1
Wien Seestadt (U2),6851,0,0,0,0,0,16.508402,48.226273,0,0,1
Wien Aspernstraße (U2),6848,0,0,0,0,0,16.474962,48.222004,0,0,1
Wien Donaustadtbrücke (U2),6844,0,0,0,0,0,16.440587,48.21208,0,0,1
Wien Stadlau Bahnhst (U2),6845,0,0,0,0,0,16.448947,48.219747,0,0,1
Wien Hardeggasse (U2),6846,0,0,0,0,0,16.458233,48.221168,0,0,1
Wien Hausfeldstraße (U2),6849,0,0,0,0,0,16.486612,48.233708,0,0,1
Wien Aspern Nord Bf (U2),6850,0,0,0,0,0,16.504393,48.234651,0,0,1
Wien Brünner Straße Bahnhst (Nr. 63-65/70),7976,0,0,0,0,0,16.403588,48.267786,0,0,1
Wien Brünner Straße/Carabelligasse,7977,0,0,0,0,0,16.410869,48.280236,0,0,1
Wien Stammersdorf (Bundesstraße 7),7978,0,0,0,0,0,16.410716,48.301891,0,0,1
Wien Rendezvousberg,7979,0,0,0,0,0,16.426798,48.30821,0,0,1
Föhrenhain Volkertgasse,7980,0,0,0,0,0,16.438574,48.318584,0,0,1
Wien Floridsdorf Bf (Franz-Jonas-Platz),7974,0,0,0,0,0,16.400352,48.256828,0,0,1
Wien Angerer Straße,7975,0,0,0,0,0,16.399192,48.260172,0,0,1
Föhrenhain Ernst-Theumer-Straße,7981,0,0,0,0,0,16.444587,48.323402,0,0,1
Wien Großjedlersdorf (Edergasse),8014,0,0,0,0,0,16.388135,48.277206,0,0,1
Wien Floridsdorfer Markt (Brünner Straße),8015,0,0,0,0,0,16.400019,48.261646,0,0,1
Wien Floridsdorf Bf (Rechte Nordbahngasse),8016,0,0,0,0,0,16.394922,48.262015,0,0,1
Wien Ödenburger Straße/Schulzentrum,8227,0,0,0,0,0,16.401682,48.28198,0,0,1
Wien Bahnsteggasse,8235,0,0,0,0,0,16.401907,48.264765,0,0,1
Wien Quartier Belvedere Bahnhst,8689,0,0,0,0,0,16.381807,48.188033,0,0,1
Wien Hbf (Bahnsteige 1-2),8690,0,0,0,0,0,16.375326,48.185507,0,0,1
Wien Matzleinsdorfer Platz (ÖBB),8691,0,0,0,0,0,16.358723,48.180195,0,0,1
Wien Floridsdorf Bahnhof,8683,0,0,0,0,0,16.400352,48.256828,0,0,1
Wien Handelskai (Bahnsteige 1-2),8684,0,0,0,0,0,16.384908,48.241753,0,0,1
Wien Liesing Bahnhof,8692,0,0,0,0,0,16.283042,48.134997,0,0,1
Wien Traisengasse Bahnhof,8685,0,0,0,0,0,16.38338,48.234786,0,0,1
Wien Praterstern Bahnhof,8686,0,0,0,0,0,16.392153,48.219082,0,0,1
Wien Mitte-Landstraße Bahnhof,8687,0,0,0,0,0,16.38489,48.206093,0,0,1
Mödling Bahnhof,8693,0,0,0,0,0,16.331926,48.174433,0,0,1
Wien Rennweg Bahnhof,8688,0,0,0,0,0,16.38623,48.19491,0,0,1
Wien Jedlersdorf Bahnhof,8733,0,0,0,0,0,16.397313,48.273188,0,0,1
Langenzersdorf Bahnhof,8732,0,0,0,0,0,16.355522,48.306763,0,0,1
Wien Atzgersdorf Bahnhof,8753,0,0,0,0,0,16.288831,48.147348,0,0,1
Wien Brünner Straße Bahnhof,8751,0,0,0,0,0,16.403588,48.267786,0,0,1
Wien Hetzendorf Bahnhof,8752,0,0,0,0,0,16.313732,48.165749,0,0,1
Wien Burgring (Ringfahrbahn),10826,0,0,0,0,0,16.363604,48.203872,0,0,1
Simmering (Wien) Hauptwerkstätte,10818,0,0,0,0,0,16.457667,48.149901,0,0,1
Wien Rathausplatz/Burgtheater,10823,0,0,0,0,0,16.360673,48.210533,0,0,1
Wien Börse (Wipplingerstraße 39),10821,0,0,0,0,0,16.365437,48.215298,0,0,1
Wien Schottentor (Schottenring),10822,0,0,0,0,0,16.362102,48.214201,0,0,1
Wien Dr.-K.-Renner-Ring/Volkstheater (Ring),10825,0,0,0,0,0,16.359918,48.206722,0,0,1
Wien Parlament (Außenring),10824,0,0,0,0,0,16.360116,48.208655,0,0,1
Wien Oper (Opernring/Steig D),10827,0,0,0,0,0,16.369635,48.202353,0,0,1
Wien Schwarzenbergplatz (Mitte),10828,0,0,0,0,0,16.374597,48.201005,0,0,1
Wien Am Heumarkt,10829,0,0,0,0,0,16.377052,48.198506,0,0,1
Wien Unteres Belvedere,10830,0,0,0,0,0,16.380018,48.197175,0,0,1
Wien Rennweg Bahnhst (Fasanplatz),10831,0,0,0,0,0,16.38623,48.19491,0,0,1
Wien Kleistgasse,10832,0,0,0,0,0,16.390257,48.193661,0,0,1
Wien Hauptwerkstätte (Hallenvorplatz),10820,0,0,0,0,0,16.457667,48.149901,0,0,1
Wien Am Himmelreich,10868,0,0,0,0,0,16.437846,48.163978,0,0,1
Wien Oberzellergasse,10833,0,0,0,0,0,16.394922,48.191908,0,0,1
Wien Zentralfriedhof 4.Tor (Straßenbahn),10847,0,0,0,0,0,16.453289,48.151537,0,0,1
Wien St.Marx Bahnhst (Rennweg),10834,0,0,0,0,0,16.399507,48.188564,0,0,1
Wien Litfaßstraße (Straßenbahn),10835,0,0,0,0,0,16.405035,48.184321,0,0,1
Schwechat Brauerei,10856,0,0,0,0,0,16.469182,48.145344,0,0,1
Wien Molitorgasse (Straßenbahn),10836,0,0,0,0,0,16.408028,48.181822,0,0,1
Wien Enkplatz (Simmeringer Hauptstr. 100),10848,0,0,0,0,0,16.461406,48.148427,0,0,1
Wien Zippererstraße (Straßenbahn),10837,0,0,0,0,0,16.411417,48.179664,0,0,1
Wien Hauffgasse (Straßenbahn),10838,0,0,0,0,0,16.412793,48.177732,0,0,1
Wien Enkplatz (Simmeringer Hauptstr. 94),10839,0,0,0,0,0,16.461406,48.148427,0,0,1
Wien Oper (Kärntner Ring/Steig B),10849,0,0,0,0,0,16.359918,48.206722,0,0,1
Wien Braunhubergasse,10840,0,0,0,0,0,16.418735,48.171781,0,0,1
Wien Simmering Bahnhof (Straßenbahn),10841,0,0,0,0,0,16.419687,48.170226,0,0,1
Wien Fickeysstraße (Straßenbahn),10842,0,0,0,0,0,16.423777,48.167035,0,0,1
Wien Parlament (Innenring),10850,0,0,0,0,0,16.360116,48.208655,0,0,1
Wien Weißenböckstraße (Straßenbahn),10843,0,0,0,0,0,16.42856,48.161983,0,0,1
Wien Zentralfriedhof 1.Tor (Straßenbahn),10844,0,0,0,0,0,16.433333,48.159133,0,0,1
Schwechat Plankenwehrstraße,10857,0,0,0,0,0,16.474746,48.141829,0,0,1
Wien Zentralfriedhof 2.Tor (Johann-Hatzl-Platz),10845,0,0,0,0,0,16.44181,48.154746,0,0,1
Wien Börse (Schottenring),10851,0,0,0,0,0,16.37128,48.217104,0,0,1
Wien Zentralfriedhof 3.Tor (Straßenbahn),10846,0,0,0,0,0,16.448462,48.152463,0,0,1
Wien Hauptwerkstätte (Betriebseinfahrt),10819,0,0,0,0,0,16.457667,48.149901,0,0,1
Wien Zentralfriedhof 3.Tor (Autobusschleife),10852,0,0,0,0,0,16.448462,48.152463,0,0,1
Wien Zentralfriedhof 4.Tor (Simmeringer Hauptstr.),10853,0,0,0,0,0,16.453289,48.151537,0,0,1
Wien Leberweg,10854,0,0,0,0,0,16.455806,48.150638,0,0,1
Wien Etrichstraße/Simmeringer Hauptstraße,10855,0,0,0,0,0,16.461406,48.148427,0,0,1
Wien Weißenböckstraße (Simmeringer Hauptstr. 251),10866,0,0,0,0,0,16.415058,48.17437,0,0,1
Wien Enkplatz (Simmeringer Hauptstraße 111-113),10863,0,0,0,0,0,16.461406,48.148427,0,0,1
Wien Simmering Bf (Simmeringer Hauptstr. 157-159),10864,0,0,0,0,0,16.415058,48.17437,0,0,1
Wien Fickeysstraße (Simmeringer Hauptstraße 195),10865,0,0,0,0,0,16.415058,48.17437,0,0,1
Wien Florian-Hedorfer-Straße,10867,0,0,0,0,0,16.431248,48.16556,0,0,1
Wien Schloss Neugebäude (Kaiserebersdorfer Straße),10870,0,0,0,0,0,16.457496,48.160248,0,0,1
Wien Hörtengasse,10869,0,0,0,0,0,16.444444,48.162405,0,0,1
Wien Luzegasse (Kaiserebersdorfer Straße),10871,0,0,0,0,0,16.457496,48.160248,0,0,1
Wien Klebindergraben,10872,0,0,0,0,0,16.454368,48.160427,0,0,1
Wien Pantucekgasse/Kaiserebersdorfer Straße,10873,0,0,0,0,0,16.457496,48.160248,0,0,1
Wien Halterlacken,10874,0,0,0,0,0,16.461379,48.160113,0,0,1
Wien Mühlsangergasse,10875,0,0,0,0,0,16.465514,48.15996,0,0,1
Wien Kaiserebersdorf Zinnerg. (Kaiserebersd. Str.),10876,0,0,0,0,0,16.470728,48.160023,0,0,1
Wien Schwarzenbergplatz (Rennweg),10890,0,0,0,0,0,16.374597,48.201005,0,0,1
Wien Valiergasse/Etrichstraße (Hauptfahrbahn),10877,0,0,0,0,0,16.468948,48.157128,0,0,1
Wien Svetelskystraße (Etrichstraße/Hauptfahrbahn),10878,0,0,0,0,0,16.46626,48.154036,0,0,1
Wien Wopenkastraße,10879,0,0,0,0,0,16.463474,48.150863,0,0,1
Wien Oper (Opernring/Nachtbus),10891,0,0,0,0,0,16.369635,48.202353,0,0,1
Wien Roschégasse,10880,0,0,0,0,0,16.450475,48.154216,0,0,1
Wien Widholzgasse/Thürnlhofstraße,10881,0,0,0,0,0,16.451806,48.156346,0,0,1
Wien Kaiserebersdorfer Friedhof (Thürnlhofstraße),10882,0,0,0,0,0,16.453604,48.158558,0,0,1
Wien Schwarzenbergplatz (Lothringerstraße 2-4),10892,0,0,0,0,0,16.374597,48.201005,0,0,1
Wien Kaiserebersdorfer Friedhof (Meidlgasse),10883,0,0,0,0,0,16.453604,48.158558,0,0,1
Wien Luzegasse (Meidlgasse),10884,0,0,0,0,0,16.45132,48.159942,0,0,1
Wien Schloss Neugebäude (Nemethgasse),10885,0,0,0,0,0,16.447896,48.161012,0,0,1
Wien Hauffgasse (Simmeringer Hauptstraße 77-79),10886,0,0,0,0,0,16.415058,48.17437,0,0,1
Wien Zippererstraße (Simmeringer Hauptstr. 47-49),10887,0,0,0,0,0,16.415058,48.17437,0,0,1
Wien Molitorgasse (Simmeringer Hauptstraße 31-33),10888,0,0,0,0,0,16.415058,48.17437,0,0,1
Wien Litfaßstraße (Simmeringer Hauptstraße 3),10889,0,0,0,0,0,16.415058,48.17437,0,0,1
Wien Längenfeldgasse (Schönbrunner Straße),11097,0,0,0,0,0,16.468706,48.24302,0,0,1
Wien Hütteldorf Bf (Wientalstraße),11095,0,0,0,0,0,16.312203,48.199279,0,0,1
Wien Karlsplatz (Treitlstraße),11099,0,0,0,0,0,16.369366,48.200663,0,0,1
Wien Hietzing (Amtshaus),11096,0,0,0,0,0,16.303457,48.188069,0,0,1
Wien Pilgramgasse (Rechte Wienzeile),11098,0,0,0,0,0,16.354614,48.19269,0,0,1
Wien Mitte-Landstraße Bf (Vorplatz),11100,0,0,0,0,0,16.38489,48.206093,0,0,1
Wien Oper (Opernring/Steig E),11101,0,0,0,0,0,16.369635,48.202353,0,0,1
Wien Pilgramgasse (Linke Wienzeile),11102,0,0,0,0,0,16.354614,48.19269,0,0,1
Wien Längenfeldgasse (Linke Wienzeile 224),11103,0,0,0,0,0,16.34843,48.189481,0,0,1
Wien Hietzing (Hadikgasse),11104,0,0,0,0,0,16.303457,48.188069,0,0,1
Wien Hütteldorf Bf (Hadikgasse),11105,0,0,0,0,0,16.255374,48.202524,0,0,1
Schwechat Hauptplatz (Himberger Straße),11109,0,0,0,0,0,16.469973,48.121531,0,0,1
Wien Nussdorf Bahnhof,11200,0,0,0,0,0,16.367766,48.260262,0,0,1
Klosterneuburg Weidling Bahnhof,11201,0,0,0,0,0,16.334703,48.297342,0,0,1
Klosterneuburg Kierling Bahnhof,11202,0,0,0,0,0,16.326307,48.30981,0,0,1
Unterkritzendorf Bahnhof,11203,0,0,0,0,0,16.309282,48.324076,0,0,1
Wien Hütteldorf Bahnhof,11336,0,0,0,0,0,16.261118,48.197355,0,0,1
Wien Westbahnhof,11337,0,0,0,0,0,16.337607,48.19687,0,0,1
Deutsch Wagram Bahnhof,11667,0,0,0,0,0,16.563578,48.302916,0,0,1
Wien Leopoldau Bahnhof,11668,0,0,0,0,0,16.449298,48.277521,0,0,1
Wien Siemensstraße Bahnhof,11669,0,0,0,0,0,16.420892,48.270851,0,0,1
Perchtoldsdorf Bahnhof,11768,0,0,0,0,0,16.285478,48.122916,0,0,1
Wien Strebersdorf Bahnhof,11763,0,0,0,0,0,16.381205,48.285944,0,0,1
Bisamberg Bahnhof,11764,0,0,0,0,0,16.346974,48.316813,0,0,1
Wien Süßenbrunn Bahnhof,11785,0,0,0,0,0,16.484383,48.285297,0,0,1
Vösendorf Schönbrunner Allee (WLB),11933,0,0,0,0,0,16.325076,48.135833,0,0,1
Vösendorf-Siebenhirten Bahnhof (WLB),11932,0,0,0,0,0,16.319044,48.125495,0,0,1
Wien Neuerlaa Bahnhst (WLB),11934,0,0,0,0,0,16.327997,48.140633,0,0,1
Wien Inzersdorf Lokalbahn,11935,0,0,0,0,0,16.334353,48.149928,0,0,1
Wien Gutheil-Schoder-Gasse Bahnhst (WLB),11936,0,0,0,0,0,16.335854,48.1596,0,0,1
Wien Schöpfwerk,11937,0,0,0,0,0,16.330766,48.163996,0,0,1
Wien Schedifkaplatz (WLB/Darnautgasse),11938,0,0,0,0,0,16.330883,48.17321,0,0,1
Wien Oper (Kärntner Ring/Lokalbahn),11953,0,0,0,0,0,16.334353,48.149928,0,0,1
Wien Meidling Bf (Eichenstraße/Straßenbahn),11939,0,0,0,0,0,16.331926,48.174433,0,0,1
Wien Dörfelstraße (Steinackergasse),11940,0,0,0,0,0,16.402734,48.283634,0,0,1
Wien Aßmayergasse,11941,0,0,0,0,0,16.33767,48.178712,0,0,1
Wien Johann-Strauß-Gasse (Wiedner Hauptstraße 64),11954,0,0,0,0,0,16.366103,48.189903,0,0,1
Wien Flurschützstraße/Längenfeldgasse,11942,0,0,0,0,0,16.340061,48.179359,0,0,1
Wien Marx-Meidlinger Straße,11943,0,0,0,0,0,16.344232,48.180473,0,0,1
Wien Eichenstraße (Tiefgeschoß),11944,0,0,0,0,0,16.34914,48.180554,0,0,1
Wien Dörfelstraße (Meidling Bahnhof),11955,0,0,0,0,0,16.331926,48.174433,0,0,1
Wien Matzleinsdorfer Platz (Tiefgeschoß),11945,0,0,0,0,0,16.358723,48.180195,0,0,1
Wien Kliebergasse (Tiefgeschoß),11946,0,0,0,0,0,16.36435,48.18291,0,0,1
Wien Laurenzgasse (Tiefgeschoß),11947,0,0,0,0,0,16.362444,48.185256,0,0,1
Wien Johann-Strauß-Gasse (Wiedner Hauptstraße 71),11948,0,0,0,0,0,16.366103,48.189903,0,0,1
Wien Mayerhofgasse,11949,0,0,0,0,0,16.366921,48.19242,0,0,1
Wien Paulanergasse,11950,0,0,0,0,0,16.367181,48.196088,0,0,1
Wien Resselgasse (Wiedner Hauptstraße 8-10),11951,0,0,0,0,0,16.367658,48.198236,0,0,1
Wien Karlsplatz (Resselpark),11952,0,0,0,0,0,16.369366,48.200663,0,0,1
Wien Hbf (Autoreisezuganlage),12203,0,0,0,0,0,16.391003,48.177876,0,0,1
Wien Schönwiesegasse,12980,0,0,0,0,0,16.326946,48.138701,0,0,1
Wien Kundratstraße,12973,0,0,0,0,0,16.355468,48.175808,0,0,1
Wien Neuerlaa Bahnhst (Triester Straße),12979,0,0,0,0,0,16.327997,48.140633,0,0,1
Wien Triester Straße/Anton-Baumgartner-Straße,12978,0,0,0,0,0,16.336924,48.151258,0,0,1
Vösendorf-Siebenhirten Bahnhof (Triester Straße),12981,0,0,0,0,0,16.319044,48.125495,0,0,1
Wien Triester Straße/Sterngasse,12986,0,0,0,0,0,16.335135,48.149002,0,0,1
Wien Oberlaa (Busbahnhof),13003,0,0,0,0,0,16.404163,48.138296,0,0,1
Wien Oberlaa (Laaer-Berg-Straße),13004,0,0,0,0,0,16.361222,48.14795,0,0,1
Wien Untere Kaistraße,13005,0,0,0,0,0,16.399345,48.137083,0,0,1
Wien Rustenfeldsiedlung,13006,0,0,0,0,0,16.39467,48.124174,0,0,1
Leopoldsdorf b.Wien Kanadagasse,13007,0,0,0,0,0,16.396208,48.121504,0,0,1
Zwölfaxing Josef-Weiß-Gasse,13039,0,0,0,0,0,16.466341,48.115598,0,0,1
Schwechat Himberger Straße,13040,0,0,0,0,0,16.469973,48.121531,0,0,1
Schwechat Hutweidestraße,13041,0,0,0,0,0,16.472337,48.125271,0,0,1
Schwechat Netzgasse,13042,0,0,0,0,0,16.474611,48.129262,0,0,1
Schwechat Mappesgasse,13043,0,0,0,0,0,16.473686,48.133828,0,0,1
Schwechat Mischekgasse,13045,0,0,0,0,0,16.475681,48.13799,0,0,1
Schwechat Ehrenbrunngasse,13046,0,0,0,0,0,16.478729,48.139033,0,0,1
Schwechat Schlossstraße,13044,0,0,0,0,0,16.474432,48.136327,0,0,1
Mödling Bahnhof (Bahnbrücke),13126,0,0,0,0,0,16.331926,48.174433,0,0,1
Wien Haselbrunnerstraße,13385,0,0,0,0,0,16.251176,48.137226,0,0,1
Wien Liesing Bahnhof (Liesinger Platz),13377,0,0,0,0,0,16.283042,48.134997,0,0,1
Wien Alte Brauerei Liesing,13378,0,0,0,0,0,16.277154,48.137253,0,0,1
Breitenfurt Laaber Spitz (Hauptstraße),13391,0,0,0,0,0,16.204324,48.138098,0,0,1
Wien Aquäduktsteg,13379,0,0,0,0,0,16.275554,48.137811,0,0,1
Wien Kalksburger Kirchenplatz,13386,0,0,0,0,0,16.245027,48.137676,0,0,1
Wien Hoferstiege,13380,0,0,0,0,0,16.271635,48.139123,0,0,1
Wien Breitenfurter Straße/Liesingbrücke (Br. Str.),13381,0,0,0,0,0,16.267788,48.13871,0,0,1
Wien Lodererweg,13387,0,0,0,0,0,16.238429,48.138026,0,0,1
Wien An der Liesing,13382,0,0,0,0,0,16.264066,48.138952,0,0,1
Wien Rodauner Straße (Breitenfurter Straße),13383,0,0,0,0,0,16.256983,48.137954,0,0,1
Breitenfurt Hauptstraße 97,13395,0,0,0,0,0,16.18319,48.134026,0,0,1
Wien Breitenfurter Straße/Willergasse,13384,0,0,0,0,0,16.256983,48.137954,0,0,1
Wien Bohattaweg,13388,0,0,0,0,0,16.229718,48.13791,0,0,1
Breitenfurt Siedlung Eigenheim,13392,0,0,0,0,0,16.197816,48.13719,0,0,1
Breitenfurt Grenzgasse,13389,0,0,0,0,0,16.220244,48.137208,0,0,1
Breitenfurt Franz-Lehár-Gasse,13390,0,0,0,0,0,16.208162,48.13808,0,0,1
Breitenfurt Grüner Baum (Hauptstraße),13393,0,0,0,0,0,16.18319,48.134026,0,0,1
Breitenfurt Rudolf-Steiner-Gasse,13394,0,0,0,0,0,16.188215,48.134763,0,0,1
Breitenfurt Kloster,13396,0,0,0,0,0,16.17706,48.13444,0,0,1
Perchtoldsdorf Salitergasse,13420,0,0,0,0,0,16.270269,48.117225,0,0,1
Perchtoldsdorf Spitalskirche,13421,0,0,0,0,0,16.267878,48.12181,0,0,1
Perchtoldsdorf Freizeitzentrum (Donauw. Straße),13422,0,0,0,0,0,16.266763,48.124012,0,0,1
Breitenfurt Volksschule,13412,0,0,0,0,0,16.194993,48.133073,0,0,1
Breitenfurt Josef-Schöffel-Straße,13413,0,0,0,0,0,16.187244,48.129091,0,0,1
Wien Rodaun (Ketzergasse),13430,0,0,0,0,0,16.319044,48.125495,0,0,1
Breitenfurt Gh Schneider,13414,0,0,0,0,0,16.182201,48.126358,0,0,1
Perchtoldsdorf Bahngasse,13423,0,0,0,0,0,16.262062,48.127824,0,0,1
Perchtoldsdorf Sportzentrum,13416,0,0,0,0,0,16.257333,48.119077,0,0,1
Perchtoldsdorf Walzengasse,13417,0,0,0,0,0,16.261073,48.122223,0,0,1
Wien Hochstraße,13424,0,0,0,0,0,16.25843,48.132408,0,0,1
Perchtoldsdorf Marktplatz,13418,0,0,0,0,0,16.265217,48.119482,0,0,1
Perchtoldsdorf Wegbachgasse,13419,0,0,0,0,0,16.26634,48.117756,0,0,1
Wien Kaiser-Franz-Josef-Straße,13431,0,0,0,0,0,16.266799,48.135905,0,0,1
Wien Willergasse/Schule,13425,0,0,0,0,0,16.257144,48.133891,0,0,1
Wien Willergasse/Liesingbrücke,13426,0,0,0,0,0,16.257693,48.137172,0,0,1
Wien Breitenfurter Straße/Liesingbrücke (K.-F.-J.),13432,0,0,0,0,0,16.267788,48.13871,0,0,1
Wels Hbf (Busterminal),13499,0,0,0,0,0,16.421,48.210309,0,0,1
Rannersdorf b.Wien Kindergarten,13564,0,0,0,0,0,16.461928,48.124929,0,0,1
Rannersdorf b.Wien Baiergasse,13565,0,0,0,0,0,16.458754,48.12216,0,0,1
Rannersdorf b.Wien IZ (Johann-Hembach-Gasse),13566,0,0,0,0,0,16.458754,48.12216,0,0,1
Schwechat Rannersdorf,13557,0,0,0,0,0,16.465389,48.128776,0,0,1
Schwechat Brauhausstraße,13558,0,0,0,0,0,16.473137,48.14173,0,0,1
Schwechat Sommerbad,13559,0,0,0,0,0,16.4716,48.140274,0,0,1
Schwechat Gladbeckstraße,13560,0,0,0,0,0,16.468912,48.137856,0,0,1
Schwechat Europaschule (Wendestelle),13561,0,0,0,0,0,16.467339,48.13355,0,0,1
Rannersdorf b.Wien Wirtingerstraße,13562,0,0,0,0,0,16.466944,48.131275,0,0,1
Rannersdorf b.Wien Schulgasse,13563,0,0,0,0,0,16.465389,48.128776,0,0,1
Rannersdorf b.Wien Zwölfaxinger Straße,13571,0,0,0,0,0,16.453514,48.117468,0,0,1
Rannersdorf b.Wien IZ (Reinhartsdorfgasse),13578,0,0,0,0,0,16.458754,48.12216,0,0,1
Wien Kaiserebersdorf Bahnhof,13608,0,0,0,0,0,16.46582,48.146557,0,0,1
Schwechat Bahnhof,13609,0,0,0,0,0,16.482162,48.142755,0,0,1
Gerasdorf b.Wien Bahnhof,13620,0,0,0,0,0,16.483547,48.293018,0,0,1
Mannswörth Bahnhof,13632,0,0,0,0,0,16.507521,48.136624,0,0,1
Kapellerfeld Bahnhof,13621,0,0,0,0,0,16.495035,48.316543,0,0,1
Siebenhirten NÖ Bahnhof,13629,0,0,0,0,0,16.319044,48.125495,0,0,1
Wien St.Marx Bahnhof,13635,0,0,0,0,0,16.399507,48.188564,0,0,1
Wien Zentralfriedhof S-Bahn Bahnhof,13633,0,0,0,0,0,16.426762,48.152993,0,0,1
Wien Geiselbergstraße Bahnhof,13634,0,0,0,0,0,16.406995,48.175134,0,0,1
Wien Aspernstraße (Wonkaplatz Süd),13637,0,0,0,0,0,16.474962,48.222004,0,0,1
Wien Aspern Siegesplatz,13638,0,0,0,0,0,16.485866,48.217536,0,0,1
Wien Flugfeldstraße,13639,0,0,0,0,0,16.504249,48.215621,0,0,1
Wien Eßling Schule (Esslinger Hauptstraße),13640,0,0,0,0,0,16.354641,48.238903,0,0,1
Großenzersdorf Busbahnhof (Josef-Reither-Ring),13641,0,0,0,0,0,16.549357,48.199962,0,0,1
Großenzersdorf Taverne am Sachsengang,13642,0,0,0,0,0,16.564144,48.196285,0,0,1
Neuoberhausen Bundesstraße,13643,0,0,0,0,0,16.570688,48.193589,0,0,1
Oberhausen b.Wien Thavonweg,13644,0,0,0,0,0,16.580792,48.184231,0,0,1
Mühlleiten b.Wien Hubertusstraße/Feuerwehr,13646,0,0,0,0,0,16.566886,48.16983,0,0,1
Wien Grillgasse Bahnhst (Gadnergasse),13697,0,0,0,0,0,16.407174,48.166747,0,0,1
Vösendorf Mühlgasse,13719,0,0,0,0,0,16.33287,48.123266,0,0,1
Kledering Bahnhst (Klederinger Straße),13698,0,0,0,0,0,16.439491,48.132606,0,0,1
Wien Kaiserebersdorf Bahnhst (Wendestelle Ost),13700,0,0,0,0,0,16.463384,48.147312,0,0,1
Wien Reumannplatz (Davidgasse),13701,0,0,0,0,0,16.378184,48.174262,0,0,1
Wien Sebastianbrücke,13732,0,0,0,0,0,16.41451,48.134601,0,0,1
Vösendorf ehem. Postamt,13720,0,0,0,0,0,16.328321,48.12448,0,0,1
Vösendorf Kindergarten,13715,0,0,0,0,0,16.349077,48.116983,0,0,1
Schwechat Siedlung Frauenfeld,13725,0,0,0,0,0,16.464903,48.139105,0,0,1
Vösendorf Dr.-Adolf-Schärf-Hof,13716,0,0,0,0,0,16.346578,48.118097,0,0,1
Vösendorf-Siebenhirten Bahnhof (Ortsstraße),13721,0,0,0,0,0,16.319044,48.125495,0,0,1
Vösendorf Schlossplatz,13717,0,0,0,0,0,16.340726,48.120911,0,0,1
Vösendorf Kirche,13718,0,0,0,0,0,16.338524,48.1219,0,0,1
Vösendorf-Siebenhirten Bahnhof (Ketzergasse),13722,0,0,0,0,0,16.319044,48.125495,0,0,1
Wien Unterlaa Stadtgrenze (Wendestelle),13729,0,0,0,0,0,16.427445,48.131078,0,0,1
Wien Nowakgasse,13723,0,0,0,0,0,16.314208,48.126583,0,0,1
Schwechat Klederinger Straße,13726,0,0,0,0,0,16.463923,48.137011,0,0,1
Wien Siebenhirten (Wendestelle),13724,0,0,0,0,0,16.309695,48.128974,0,0,1
Kledering Gärtnergasse,13727,0,0,0,0,0,16.445046,48.13097,0,0,1
Wien Johanneskapelle,13731,0,0,0,0,0,16.418159,48.132381,0,0,1
Kledering Kirche,13728,0,0,0,0,0,16.435661,48.132102,0,0,1
Wien Klederinger Straße,13730,0,0,0,0,0,16.423364,48.131428,0,0,1
Wien Unterlaaer Straße,13733,0,0,0,0,0,16.411867,48.136004,0,0,1
Wien Oberlaa Friedhof,13734,0,0,0,0,0,16.404163,48.138296,0,0,1
Wien Leopoldsdorfer Straße,13737,0,0,0,0,0,16.399623,48.13799,0,0,1
Wien Oberlaaer Platz (Oberlaaer Straße),13738,0,0,0,0,0,16.403417,48.137496,0,0,1
Wien Johann-Friedl-Gasse,13739,0,0,0,0,0,16.407219,48.137091,0,0,1
Wien Unterlaa Stadtgrenze (Klederinger Straße),13740,0,0,0,0,0,16.427445,48.131078,0,0,1
Flughafen Wien General Aviation Center,13778,0,0,0,0,0,16.534848,48.129271,0,0,1
Flughafen Wien Fracht (Nordstraße/P8),13772,0,0,0,0,0,16.55831,48.123104,0,0,1
Flughafen Wien Charterbusparkplatz,13767,0,0,0,0,0,16.558822,48.123023,0,0,1
Wien Mitte-Landstraße (CAT) Bahnhof,13768,0,0,0,0,0,16.38489,48.206093,0,0,1
Flughafen Wien Cargo Nord West,13776,0,0,0,0,0,16.547469,48.128426,0,0,1
Flughafen Wien Handling Center West,13773,0,0,0,0,0,16.550867,48.124201,0,0,1
Flughafen Wien Mazur Parkplatz,13770,0,0,0,0,0,16.540161,48.127985,0,0,1
Flughafen Wien Office-Park,13771,0,0,0,0,0,16.563919,48.122331,0,0,1
Flughafen WIen AUA FBG/Schleuse (Werkstraße West),13774,0,0,0,0,0,16.547748,48.125612,0,0,1
Flughafen Wien Cargo Nord Ost,13775,0,0,0,0,0,16.550777,48.12697,0,0,1
Flughafen Wien AUA Haupteinfahrt,13777,0,0,0,0,0,16.543756,48.127914,0,0,1
Flughafen Wien AUA FBG/Schleuse (Weststraße),13779,0,0,0,0,0,16.547748,48.125612,0,0,1
Flughafen Wien Fracht (Nordstraße/P3),13780,0,0,0,0,0,16.55831,48.123104,0,0,1
Flughafen Wien Terminal 1/1A/2,13781,0,0,0,0,0,16.560422,48.121531,0,0,1
Wien Kaiserebersdorf Bahnhst (Baudißgasse),13783,0,0,0,0,0,16.463384,48.147312,0,0,1
Wien Baudißgasse,13784,0,0,0,0,0,16.461209,48.14529,0,0,1
Wien Ailecgasse,13785,0,0,0,0,0,16.45533,48.14093,0,0,1
Wien Bertl-Hayde-Gasse,13782,0,0,0,0,0,16.440488,48.140283,0,0,1
Schwechat Mannswörther Straße/OMV,13812,0,0,0,0,0,16.492689,48.148535,0,0,1
Wien Zentralfriedhof 9.Tor (Ailecgasse),13786,0,0,0,0,0,16.438214,48.141397,0,0,1
Schwechat Schlossmühle,13802,0,0,0,0,0,16.484428,48.152463,0,0,1
Wien Kaiserebersdorf Bahnhst (Wendestelle West),13787,0,0,0,0,0,16.463384,48.147312,0,0,1
Wien Svetelskystraße (Etrichstraße/Nebenfahrbahn),13788,0,0,0,0,0,16.46626,48.154036,0,0,1
Wien Simmeringer Haide,13822,0,0,0,0,0,16.440605,48.177426,0,0,1
Wien Etrichstraße/Hoefftgasse,13789,0,0,0,0,0,16.468121,48.155978,0,0,1
Wien Alberner Straße,13803,0,0,0,0,0,16.484527,48.156337,0,0,1
Wien Valiergasse/Etrichstraße (Nebenfahrbahn),13790,0,0,0,0,0,16.468948,48.157128,0,0,1
Wien Unterlaaer Platz,13791,0,0,0,0,0,16.414321,48.132876,0,0,1
Wien Rappachgasse (Kopalgasse),13818,0,0,0,0,0,16.424425,48.179934,0,0,1
Kledering Bahnhst (Bahnhofplatz),13792,0,0,0,0,0,16.439491,48.132606,0,0,1
Kledering Bahnhst,13793,0,0,0,0,0,16.439491,48.132606,0,0,1
Schwechat Europaschule,13794,0,0,0,0,0,16.467339,48.13355,0,0,1
Wien Albern,13804,0,0,0,0,0,16.484922,48.160032,0,0,1
Schwechat Franz-Schubert-Straße,13795,0,0,0,0,0,16.478818,48.137829,0,0,1
Schwechat Wismayrstraße,13796,0,0,0,0,0,16.478333,48.135842,0,0,1
Schwechat Johann-Burkl-Gasse,13797,0,0,0,0,0,16.479043,48.13364,0,0,1
Wien Mannswörther Straße,13805,0,0,0,0,0,16.490235,48.158612,0,0,1
Schwechat Felmayergasse,13798,0,0,0,0,0,16.475304,48.133361,0,0,1
Schwechat Rödlichgasse,13799,0,0,0,0,0,16.476508,48.132929,0,0,1
Schwechat Auf der Ried,13806,0,0,0,0,0,16.49686,48.156104,0,0,1
Wien Haidestraße Bahnhst (2.Haidequerstraße),13819,0,0,0,0,0,16.426384,48.179044,0,0,1
Schwechat Sendnergasse,13800,0,0,0,0,0,16.477182,48.14128,0,0,1
Mannswörth Novasiedlung,13807,0,0,0,0,0,16.507323,48.150261,0,0,1
Schwechat Buchergasse,13801,0,0,0,0,0,16.480158,48.147258,0,0,1
Mannswörth Danubiastraße,13808,0,0,0,0,0,16.512798,48.14795,0,0,1
Mannswörth Volksschule,13809,0,0,0,0,0,16.51678,48.146557,0,0,1
Mannswörth Römerstraße,13814,0,0,0,0,0,16.507323,48.150261,0,0,1
Mannswörth Friedhof,13810,0,0,0,0,0,16.523693,48.143779,0,0,1
Schwechat Hauptplatz,13811,0,0,0,0,0,16.477173,48.140103,0,0,1
Wien Wildpretstraße,13825,0,0,0,0,0,16.454745,48.177067,0,0,1
Wien Beschußamt,13820,0,0,0,0,0,16.434394,48.177273,0,0,1
Wien Enkplatz (Krausegasse),13815,0,0,0,0,0,16.420371,48.174433,0,0,1
Wien Enkplatz (Dittmanngasse),13816,0,0,0,0,0,16.415058,48.17437,0,0,1
Wien 7.Haidequerstraße (Schußlinie),13823,0,0,0,0,0,16.442286,48.179134,0,0,1
Wien Simoningplatz,13817,0,0,0,0,0,16.420748,48.179206,0,0,1
Wien Oriongasse,13821,0,0,0,0,0,16.439805,48.176186,0,0,1
Wien Pfaffenaugasse,13827,0,0,0,0,0,16.460094,48.171161,0,0,1
Wien Bleibtreustraße,13824,0,0,0,0,0,16.449262,48.177938,0,0,1
Wien 11.Haidequerstraße,13826,0,0,0,0,0,16.462908,48.175421,0,0,1
Wien Jedletzbergstraße,13829,0,0,0,0,0,16.469569,48.167106,0,0,1
Wien Paul-Wagner-Gasse,13828,0,0,0,0,0,16.461289,48.168859,0,0,1
Wien Artillerieplatz (Zinnergasse),13830,0,0,0,0,0,16.472643,48.164527,0,0,1
Wien Kaiserebersdorf Zinnergasse (Nr.19),13831,0,0,0,0,0,16.470728,48.160023,0,0,1
Wien Kaiserebersdorf Münnichplatz (Dreherstraße),13832,0,0,0,0,0,16.473856,48.158747,0,0,1
Wien Alberner Hafen,13833,0,0,0,0,0,16.494675,48.158351,0,0,1
Wien Fabianistraße,13834,0,0,0,0,0,16.479699,48.163259,0,0,1
Deutsch Wagram Albrecht-Dürer-Gasse,13850,0,0,0,0,0,16.572864,48.311626,0,0,1
Wien Warneckestraße,13835,0,0,0,0,0,16.480284,48.165704,0,0,1
Wien Neu Albern,13836,0,0,0,0,0,16.480356,48.16894,0,0,1
Deutsch Wagram Dr.-Albert-Schweitzer-Gasse,13859,0,0,0,0,0,16.581718,48.301639,0,0,1
Wien Zinnergasse (Alberner Hafenzufahrtsstraße),13837,0,0,0,0,0,16.472508,48.172078,0,0,1
Deutsch Wagram Andreas-Reischek-Gasse,13851,0,0,0,0,0,16.575264,48.314269,0,0,1
Wien Alberner Hafenzufahrtsstraße,13838,0,0,0,0,0,16.472508,48.172078,0,0,1
Wien Biomullwerk,13839,0,0,0,0,0,16.470575,48.17321,0,0,1
Wien Margetinstraße,13840,0,0,0,0,0,16.466278,48.175529,0,0,1
Deutsch Wagram Gottlieb-Fichte-Gasse,13852,0,0,0,0,0,16.578113,48.317334,0,0,1
Wien 7.Haidequerstraße (Wildpretstraße),13841,0,0,0,0,0,16.442286,48.179134,0,0,1
Wien Rappachgasse (Haidestraße),13842,0,0,0,0,0,16.424425,48.179934,0,0,1
Wien Krausegasse,13843,0,0,0,0,0,16.420371,48.174433,0,0,1
Wien Artillerieplatz (Margetinstraße),13844,0,0,0,0,0,16.472643,48.164527,0,0,1
Deutsch Wagram Schule,13846,0,0,0,0,0,16.56009,48.298097,0,0,1
Deutsch Wagram Feldgasse,13860,0,0,0,0,0,16.580423,48.303383,0,0,1
Deutsch Wagram Bahnhof (Bahnhofstraße),13847,0,0,0,0,0,16.563578,48.302916,0,0,1
Deutsch Wagram Eichengasse,13848,0,0,0,0,0,16.569304,48.306242,0,0,1
Deutsch Wagram Stefan-Fadinger-Straße,13849,0,0,0,0,0,16.570922,48.309406,0,0,1
Wien Aderklaaer Straße (Sandauergasse 2),13865,0,0,0,0,0,16.44697,48.262383,0,0,1
Deutsch Wagram Franz-Schumeier-Straße,13861,0,0,0,0,0,16.571947,48.301288,0,0,1
Deutsch Wagram Karl-Wiesinger-Gasse,13858,0,0,0,0,0,16.578823,48.302367,0,0,1
Deutsch Wagram Theodor-Körner-Gasse,13862,0,0,0,0,0,16.560512,48.296866,0,0,1
Wien Spitzweg,13866,0,0,0,0,0,16.456255,48.264918,0,0,1
Aderklaa Ortsmitte,13845,0,0,0,0,0,16.537716,48.285018,0,0,1
Deutsch Wagram Gemeindeamt,13864,0,0,0,0,0,16.560279,48.297549,0,0,1
Wien Süßenbrunner Platz (Hauptstraße),13867,0,0,0,0,0,16.496455,48.277215,0,0,1
Wien Bettelheimstraße (Süßenbrunner Hauptstraße),13885,0,0,0,0,0,16.492572,48.278896,0,0,1
Wien Bettelheimstraße (Abzw),13896,0,0,0,0,0,16.492572,48.278896,0,0,1
Neuoberhausen Zellergasse,13898,0,0,0,0,0,16.570913,48.193921,0,0,1
Neuoberhausen Mozartgasse,13899,0,0,0,0,0,16.572935,48.196843,0,0,1
Neuoberhausen Schrammelgasse,13900,0,0,0,0,0,16.575093,48.200924,0,0,1
Großenzersdorf Stadtmauer,13903,0,0,0,0,0,16.549204,48.20514,0,0,1
Wien Hausfeldstraße (Busschleife),13958,0,0,0,0,0,16.486612,48.233708,0,0,1
Wien General Motors-Werk,13957,0,0,0,0,0,16.50291,48.217806,0,0,1
Wien Breitenlee Ort (Hausfeldstraße),14019,0,0,0,0,0,16.483043,48.25147,0,0,1
Raasdorf Kirche,14020,0,0,0,0,0,16.564387,48.247245,0,0,1
Raasdorf Bahnhof (Vorplatz),14030,0,0,0,0,0,16.581709,48.238948,0,0,1
Großenzersdorf Hauptschule,14285,0,0,0,0,0,16.552422,48.198928,0,0,1
Raasdorf Bahnhof,14297,0,0,0,0,0,16.581709,48.238948,0,0,1
Wien Aspern Nord Bahnhof,14298,0,0,0,0,0,16.504393,48.234651,0,0,1
Wien Hirschstetten Bahnhst,14299,0,0,0,0,0,16.468085,48.232575,0,0,1
Wien Erzherzog-Karl-Straße Bahnhst,14300,0,0,0,0,0,16.453235,48.229842,0,0,1
Wien Stadlau Bahnhof,14301,0,0,0,0,0,16.448947,48.219747,0,0,1
Wien Simmering Bahnhof,14302,0,0,0,0,0,16.419687,48.170226,0,0,1
Großenzersdorf Volksschule (Roseggergasse),14341,0,0,0,0,0,16.547136,48.199153,0,0,1
Großenzersdorf Bellegardegasse,14342,0,0,0,0,0,16.54381,48.187692,0,0,1
Großenzersdorf Fliedergasse,14343,0,0,0,0,0,16.545464,48.194218,0,0,1
Großenzersdorf Fa.Austria-Frost,14344,0,0,0,0,0,16.548979,48.19233,0,0,1
Großenzersdorf Auvorstadt,14345,0,0,0,0,0,16.543774,48.190344,0,0,1
Großenzersdorf Volksschule,14346,0,0,0,0,0,16.547136,48.199153,0,0,1
Großenzersdorf Busbahnhof,14347,0,0,0,0,0,16.549357,48.199962,0,0,1
Wien Kagran (Dr.-A.-Schärf-Pl./Siebeckstr. Ost),14348,0,0,0,0,0,16.435311,48.242256,0,0,1
Wien Seefeldergasse,14363,0,0,0,0,0,16.529419,48.212763,0,0,1
Wien Siebeckstraße (Donaustadtstraße),14349,0,0,0,0,0,16.443626,48.233761,0,0,1
Wien Häußlergasse,14350,0,0,0,0,0,16.439563,48.23849,0,0,1
Wien Donaustadtstraße/Erzherzog-Karl-Straße,14351,0,0,0,0,0,16.443626,48.233761,0,0,1
Wien Podlahagasse,14364,0,0,0,0,0,16.533464,48.210866,0,0,1
Wien Polgarstraße,14352,0,0,0,0,0,16.449648,48.231209,0,0,1
Wien Erzherzog-Karl-Straße Bahnhst (Tiefgeschoß),14353,0,0,0,0,0,16.453235,48.229842,0,0,1
Wien Genochplatz,14354,0,0,0,0,0,16.455518,48.228799,0,0,1
Wien Englisch-Feld-Gasse,14365,0,0,0,0,0,16.536053,48.209949,0,0,1
Wien Hartlebengasse,14355,0,0,0,0,0,16.46466,48.225599,0,0,1
Wien Zschokkegasse,14356,0,0,0,0,0,16.469182,48.224053,0,0,1
Wien Aspernstraße (Erzherzog-Karl-Straße),14357,0,0,0,0,0,16.457883,48.228089,0,0,1
Wien Eßling Stadtgrenze (Fellnergasse),14366,0,0,0,0,0,16.540574,48.208205,0,0,1
Wien Aspernstraße/Oberdorfstraße,14358,0,0,0,0,0,16.481174,48.219819,0,0,1
Wien Lohwaggasse,14359,0,0,0,0,0,16.492725,48.21732,0,0,1
Wien Saltenstraße,14360,0,0,0,0,0,16.498298,48.216493,0,0,1
Wien Konstanziagasse/Erzherzog-Karl-Straße,14367,0,0,0,0,0,16.457883,48.228089,0,0,1
Wien Lannesstraße,14361,0,0,0,0,0,16.510362,48.214731,0,0,1
Wien Kirschenallee,14362,0,0,0,0,0,16.519638,48.214543,0,0,1
Wien Bezirksamt Donaustadt,14368,0,0,0,0,0,16.436992,48.240171,0,0,1
Wien Siebeckstraße (Nr.7),14369,0,0,0,0,0,16.435311,48.242256,0,0,1
Wien Kagran (Dr.-A.-Schärf-Pl./Siebeckstr. West),14370,0,0,0,0,0,16.435311,48.242256,0,0,1
Wien Praterstern Bf (Ostseite),14639,0,0,0,0,0,16.392153,48.219082,0,0,1
Wien Stiegergasse (Sechshauser Straße 32),14994,0,0,0,0,0,16.333274,48.188069,0,0,1
Wien Getreidemarkt,14985,0,0,0,0,0,16.362696,48.201589,0,0,1
Wien Laimgrubengasse,14986,0,0,0,0,0,16.35937,48.199279,0,0,1
Wien Stiegengasse,14987,0,0,0,0,0,16.357266,48.198524,0,0,1
Wien Grimmgasse,14995,0,0,0,0,0,16.327988,48.186874,0,0,1
Wien Haus des Meeres (Gumpendorfer Straße),14988,0,0,0,0,0,16.354066,48.197706,0,0,1
Wien Esterházygasse,14989,0,0,0,0,0,16.350893,48.195144,0,0,1
Wien Burgring (Nebenfahrbahn),14983,0,0,0,0,0,16.363604,48.203872,0,0,1
Wien Hirschengasse,14982,0,0,0,0,0,16.349131,48.193094,0,0,1
Wien Museumsquartier (Nibelungengasse),14984,0,0,0,0,0,16.36141,48.202605,0,0,1
Wien Brückengasse/Gumpendorfer Straße,14990,0,0,0,0,0,16.347819,48.191368,0,0,1
Wien Hollergasse,14996,0,0,0,0,0,16.324573,48.186298,0,0,1
Wien Sonnenuhrgasse,14991,0,0,0,0,0,16.344043,48.190766,0,0,1
Wien Gumpendorfer Straße (Unterführung),14992,0,0,0,0,0,16.337454,48.190946,0,0,1
Wien Fünfhausgasse,14993,0,0,0,0,0,16.335467,48.189103,0,0,1
Wien Siebeneichengasse,14997,0,0,0,0,0,16.323395,48.18869,0,0,1
Wien Rudolfsheim Anschützgasse (Schwendergasse),14998,0,0,0,0,0,16.323035,48.190398,0,0,1
Wien Weiglgasse,14999,0,0,0,0,0,16.321678,48.187206,0,0,1
Wien Stiegergasse (Sechshauser Straße 29),15000,0,0,0,0,0,16.333274,48.188069,0,0,1
Bisamberg Weintorgasse,16490,0,0,0,0,0,16.353967,48.324472,0,0,1
Gerasdorf b.Wien Musikschule,15331,0,0,0,0,0,16.469119,48.297189,0,0,1
Gerasdorf b.Wien Hauptschule,15328,0,0,0,0,0,16.472121,48.29434,0,0,1
Gerasdorf b.Wien Postamt,15329,0,0,0,0,0,16.468454,48.294654,0,0,1
Gerasdorf b.Wien Kirchengasse/Rathaus,15330,0,0,0,0,0,16.468112,48.295841,0,0,1
Gerasdorf b.Wien Hauptstraße,15332,0,0,0,0,0,16.471501,48.299976,0,0,1
Gerasdorf b.Wien Volksschule,15337,0,0,0,0,0,16.458224,48.296884,0,0,1
Kapellerfeld Bahnhst (Sonnwendgasse),15338,0,0,0,0,0,16.498559,48.315617,0,0,1
Langenzersdorf Friedhofstraße,15529,0,0,0,0,0,16.369779,48.30021,0,0,1
Langenzersdorf Bahnhof (Klosterneuburger Straße),15531,0,0,0,0,0,16.353886,48.317091,0,0,1
Langenzersdorf Sarobagasse,15532,0,0,0,0,0,16.350506,48.304641,0,0,1
Langenzersdorf Barwichgasse,15533,0,0,0,0,0,16.35305,48.302071,0,0,1
Langenzersdorf Paul-Gusel-Straße,15534,0,0,0,0,0,16.357365,48.299239,0,0,1
Langenzersdorf Chimanistraße,15535,0,0,0,0,0,16.35963,48.301432,0,0,1
Langenzersdorf Weißes-Kreuz-Straße,15546,0,0,0,0,0,16.373195,48.30145,0,0,1
Langenzersdorf Im Kühhagel,15530,0,0,0,0,0,16.369213,48.300947,0,0,1
Langenzersdorf Spechtgasse,15538,0,0,0,0,0,16.368719,48.296704,0,0,1
Langenzersdorf Fichtengasse,15541,0,0,0,0,0,16.351765,48.315141,0,0,1
Bisamberg Bahnhst (An den Mühlen),15540,0,0,0,0,0,16.346974,48.316813,0,0,1
Langenzersdorf Schulstraße,15542,0,0,0,0,0,16.351639,48.311536,0,0,1
Langenzersdorf Mittelschule,15543,0,0,0,0,0,16.355388,48.307833,0,0,1
Langenzersdorf Dirnelstraße,15539,0,0,0,0,0,16.377123,48.292506,0,0,1
Langenzersdorf Meisengasse,15545,0,0,0,0,0,16.371802,48.29621,0,0,1
Langenzersdorf Rebschulgasse,15536,0,0,0,0,0,16.361213,48.30457,0,0,1
Langenzersdorf Volksschule,15547,0,0,0,0,0,16.359082,48.306538,0,0,1
Langenzersdorf Uferstraße,15548,0,0,0,0,0,16.347297,48.304066,0,0,1
Langenzersdorf An den Mühlen Süd,15549,0,0,0,0,0,16.346335,48.313891,0,0,1
Langenzersdorf An den Mühlen Nord,15550,0,0,0,0,0,16.346335,48.313891,0,0,1
Langenzersdorf Propst-Peitl-Straße,15544,0,0,0,0,0,16.375371,48.294591,0,0,1
Langenzersdorf Friedhof,15537,0,0,0,0,0,16.367083,48.30323,0,0,1
Klosterneuburg Aufeldgasse/Inkustraße,15855,0,0,0,0,0,16.337895,48.293917,0,0,1
Klosterneuburg Am Ölberg,15850,0,0,0,0,0,16.30432,48.313388,0,0,1
Klosterneuburg Roman-Scholz-Platz (P.-Abel-Straße),15853,0,0,0,0,0,16.326146,48.303536,0,0,1
Klosterneuburg Mühlengasse (Kierlinger Straße),15848,0,0,0,0,0,16.316204,48.306394,0,0,1
Klosterneuburg Beindelgasse,15851,0,0,0,0,0,16.309444,48.310655,0,0,1
Klosterneuburg Kindergarten,15849,0,0,0,0,0,16.302297,48.314898,0,0,1
Klosterneuburg Käferkreuzgasse,15852,0,0,0,0,0,16.314397,48.311473,0,0,1
Klosterneuburg Ziegelofengasse,15846,0,0,0,0,0,16.317399,48.312705,0,0,1
Klosterneuburg Hermannschule,15854,0,0,0,0,0,16.323053,48.303419,0,0,1
Klosterneuburg Donaustraße/Büropark,15857,0,0,0,0,0,16.34416,48.290915,0,0,1
Klosterneuburg Aufeldgasse 66,15856,0,0,0,0,0,16.340456,48.290223,0,0,1
Klosterneuburg Normannengasse,15858,0,0,0,0,0,16.343297,48.293773,0,0,1
Klosterneuburg Schüttaustraße,15859,0,0,0,0,0,16.339261,48.294681,0,0,1
Klosterneuburg-Weidling Bahnhof (Weidlinger Str.),15860,0,0,0,0,0,16.334703,48.297342,0,0,1
Klosterneuburg Agnesbrücke (Weidlinger Straße),15861,0,0,0,0,0,16.328887,48.295086,0,0,1
Klosterneuburg Berchtesgadnerhofgasse,15862,0,0,0,0,0,16.328959,48.297657,0,0,1
Klosterneuburg Wigandgasse 22,15877,0,0,0,0,0,16.307385,48.320543,0,0,1
Klosterneuburg Ottogasse,15863,0,0,0,0,0,16.327018,48.300767,0,0,1
Klosterneuburg Rathausplatz,15864,0,0,0,0,0,16.324222,48.305711,0,0,1
Klosterneuburg Krankenhaus,15865,0,0,0,0,0,16.324824,48.307824,0,0,1
Klosterneuburg Frankengasse,15878,0,0,0,0,0,16.316033,48.314673,0,0,1
Klosterneuburg Josef-Brenner-Straße,15866,0,0,0,0,0,16.319431,48.308552,0,0,1
Klosterneuburg Dr.-Weiß-Gasse,15867,0,0,0,0,0,16.31748,48.309244,0,0,1
Klosterneuburg In der Gugl,15868,0,0,0,0,0,16.315781,48.309819,0,0,1
Klosterneuburg Nivenburggasse,15847,0,0,0,0,0,16.318658,48.312831,0,0,1
Klosterneuburg Roman-Scholz-Platz (Leopoldstraße),15879,0,0,0,0,0,16.326146,48.303536,0,0,1
Klosterneuburg Martinskirche,15869,0,0,0,0,0,16.318424,48.313954,0,0,1
Klosterneuburg Ingrid-Birkfellner-Weg,15870,0,0,0,0,0,16.316815,48.315114,0,0,1
Klosterneuburg Martinsfriedhof,15871,0,0,0,0,0,16.309309,48.319285,0,0,1
Klosterneuburg Jahngasse,15880,0,0,0,0,0,16.324105,48.300785,0,0,1
Klosterneuburg Jakobgasse,15872,0,0,0,0,0,16.310163,48.320175,0,0,1
Klosterneuburg Schubertgasse,15873,0,0,0,0,0,16.309111,48.321361,0,0,1
Klosterneuburg Brunnleiten,15874,0,0,0,0,0,16.307241,48.322476,0,0,1
Klosterneuburg Sudetendeutscher Platz,15881,0,0,0,0,0,16.323997,48.299563,0,0,1
Klosterneuburg Wosakgasse,15875,0,0,0,0,0,16.305443,48.321712,0,0,1
Klosterneuburg Wigandgasse 8,15876,0,0,0,0,0,16.305596,48.321056,0,0,1
Klosterneuburg Nikolaihofgasse,15882,0,0,0,0,0,16.326262,48.298439,0,0,1
Klosterneuburg Weißer Hof,15883,0,0,0,0,0,16.277694,48.324337,0,0,1
Wien Kreilplatz,15889,0,0,0,0,0,16.366759,48.254688,0,0,1
Klosterneuburg Max-Frey-Gasse,15884,0,0,0,0,0,16.28947,48.316453,0,0,1
Klosterneuburg Leopoldbrücke (Wiener Straße),15890,0,0,0,0,0,16.332528,48.300147,0,0,1
Klosterneuburg Schladgasse,15885,0,0,0,0,0,16.29365,48.315375,0,0,1
Purkersdorf b.Wien Baunzen,16413,0,0,0,0,0,16.177356,48.182145,0,0,1
Wien Hopfengasse,16492,0,0,0,0,0,16.391947,48.268756,0,0,1
Wien Autokaderstraße,16493,0,0,0,0,0,16.388135,48.277206,0,0,1
Wien Anton-Böck-Gasse,16507,0,0,0,0,0,16.390158,48.296192,0,0,1
Wien Rußbergstraße,16494,0,0,0,0,0,16.383164,48.287409,0,0,1
Wien Dirnelwiese,16495,0,0,0,0,0,16.37929,48.292928,0,0,1
Wien Ernst-Vasovec-Gasse,16496,0,0,0,0,0,16.376782,48.296605,0,0,1
Langenzersdorf Dr.-Ludwig-Straße,16497,0,0,0,0,0,16.367469,48.304614,0,0,1
Langenzersdorf Wiener Straße 48/65,16498,0,0,0,0,0,16.36284,48.306556,0,0,1
Langenzersdorf Hauptplatz,16499,0,0,0,0,0,16.35768,48.309424,0,0,1
Langenzersdorf Bisamberggasse,16500,0,0,0,0,0,16.354399,48.31524,0,0,1
Langenzersdorf Korneuburger Straße,16508,0,0,0,0,0,16.353886,48.317091,0,0,1
Wien Am Spitz (Amtshaus),16510,0,0,0,0,0,16.397196,48.258311,0,0,1
Langenzersdorf Fasangasse,16511,0,0,0,0,0,16.377034,48.300057,0,0,1
Wien Langenzersdorfer Straße,16512,0,0,0,0,0,16.384854,48.298133,0,0,1
Wien Strebersdorfer Platz (Rußbergstraße),16513,0,0,0,0,0,16.38898,48.295724,0,0,1
Wien Mayerweckstraße,16514,0,0,0,0,0,16.381402,48.293917,0,0,1
Langenzersdorf Mautgasse,16509,0,0,0,0,0,16.353787,48.312129,0,0,1
Wien Senderstraße,16615,0,0,0,0,0,16.401017,48.311518,0,0,1
Wien Freiheitsplatz (Stammersdorfer Straße),16611,0,0,0,0,0,16.410716,48.301891,0,0,1
Wien Stammersdorfer Straße/Pfarrhof,16612,0,0,0,0,0,16.410716,48.301891,0,0,1
Hagenbrunn Wald,16616,0,0,0,0,0,16.404172,48.319375,0,0,1
Wien Pfarrer-Matz-Gasse,16613,0,0,0,0,0,16.406383,48.302169,0,0,1
Wien Stammersdorfer Kellergasse,16614,0,0,0,0,0,16.405664,48.304003,0,0,1
Wien Toni-Fritsch-Weg,16623,0,0,0,0,0,16.409368,48.284901,0,0,1
Wien Strebersdorfer Platz (Helma-Pavlis-Park Nord),16627,0,0,0,0,0,16.38898,48.295724,0,0,1
Wien Gh Zum Stammersdorfer Friedhof,16715,0,0,0,0,0,16.432057,48.296506,0,0,1
Wien Tilakstraße,16714,0,0,0,0,0,16.427148,48.296722,0,0,1
Wien Karl-Lothringer-Straße,16713,0,0,0,0,0,16.418878,48.29985,0,0,1
Wien Stammersdorfer Zentralfriedhof,16716,0,0,0,0,0,16.436165,48.296308,0,0,1
Gerasdorf b.Wien Grenzweg,16717,0,0,0,0,0,16.440345,48.296237,0,0,1
Gerasdorf b.Wien Auerbachweg,16718,0,0,0,0,0,16.444659,48.29594,0,0,1
Gerasdorf b.Wien Franz-Welte-Weg,16719,0,0,0,0,0,16.451824,48.295454,0,0,1
Gerasdorf b.Wien Schulgasse,16720,0,0,0,0,0,16.458278,48.295005,0,0,1
Gerasdorf b.Wien Sparkasse,16721,0,0,0,0,0,16.461164,48.294933,0,0,1
Wien Dahliengasse,16753,0,0,0,0,0,16.444902,48.286915,0,0,1
Gerasdorf b.Wien Westliche Scheunenstraße,16722,0,0,0,0,0,16.466216,48.295023,0,0,1
Kapellerfeld Mittelgasse,16737,0,0,0,0,0,16.497372,48.313253,0,0,1
Gerasdorf b.Wien Leopoldauer Straße,16723,0,0,0,0,0,16.466818,48.293198,0,0,1
Wien Iselgasse/Illgasse,16724,0,0,0,0,0,16.457056,48.283759,0,0,1
Wien Meriangasse,16747,0,0,0,0,0,16.3848,48.291274,0,0,1
Wien Pulkaugasse,16725,0,0,0,0,0,16.453379,48.282923,0,0,1
Kapellerfeld Rosengasse,16738,0,0,0,0,0,16.496473,48.310889,0,0,1
Wien Lavantgasse/Schule,16726,0,0,0,0,0,16.450224,48.282213,0,0,1
Wien Leopoldau Bahnhst (Thayagasse/Triestinggasse),16727,0,0,0,0,0,16.449298,48.277521,0,0,1
Wien Iselgasse/Lafnitzgasse,16728,0,0,0,0,0,16.456417,48.281602,0,0,1
Kapellerfeld Halbgasse,16731,0,0,0,0,0,16.489929,48.311213,0,0,1
Wien Stammersdorf (Stammersdorfer Straße),16729,0,0,0,0,0,16.410716,48.301891,0,0,1
Wien Stammersdorf (Bahnhofsplatz/Schleife),16730,0,0,0,0,0,16.420362,48.298169,0,0,1
Kapellerfeld Sonnwendgasse,16736,0,0,0,0,0,16.498559,48.315617,0,0,1
Gerasdorf b.Wien Fa.Polyglas,16740,0,0,0,0,0,16.48485,48.304489,0,0,1
Kapellerfeld Waldgasse,16732,0,0,0,0,0,16.492104,48.31417,0,0,1
Kapellerfeld Nelkengasse,16733,0,0,0,0,0,16.49383,48.319905,0,0,1
Wien Strebersdorf Bahnhst (Scheydgasse),16748,0,0,0,0,0,16.381205,48.285944,0,0,1
Kapellerfeld Lenaugasse,16734,0,0,0,0,0,16.497129,48.320561,0,0,1
Wien Großjedlersdorf (Frauenstiftgasse),16741,0,0,0,0,0,16.391947,48.268756,0,0,1
Kapellerfeld Feldgasse,16735,0,0,0,0,0,16.50228,48.314952,0,0,1
Wien Haspingerplatz,16742,0,0,0,0,0,16.40508,48.277341,0,0,1
Wien Hanreitergasse (Ocwirkgasse),16760,0,0,0,0,0,16.413134,48.284101,0,0,1
Wien Mitterhofergasse,16743,0,0,0,0,0,16.402482,48.277845,0,0,1
Wien Leopoldau Bahnhst (Möllplatz),16749,0,0,0,0,0,16.449298,48.277521,0,0,1
Wien Jochbergengasse,16744,0,0,0,0,0,16.400765,48.279957,0,0,1
Wien Steinamangergasse,16745,0,0,0,0,0,16.402734,48.283634,0,0,1
Wien Draugasse (Kreisverkehr West),16754,0,0,0,0,0,16.438924,48.28544,0,0,1
Wien Mühlweg,16746,0,0,0,0,0,16.392855,48.293594,0,0,1
Wien Kainachgasse,16750,0,0,0,0,0,16.44866,48.281863,0,0,1
Wien Achengasse (Kainachgasse),16751,0,0,0,0,0,16.44866,48.281863,0,0,1
Wien Ratzenhofergasse,16758,0,0,0,0,0,16.419786,48.284182,0,0,1
Wien Illgasse,16752,0,0,0,0,0,16.447878,48.287904,0,0,1
Wien Grellgasse,16755,0,0,0,0,0,16.434618,48.285989,0,0,1
Wien Allissen,16756,0,0,0,0,0,16.430609,48.286357,0,0,1
Wien Schippergasse,16759,0,0,0,0,0,16.417422,48.283517,0,0,1
Wien Kollarzgasse,16757,0,0,0,0,0,16.425638,48.285449,0,0,1
Wien Bernreiterplatz,16761,0,0,0,0,0,16.406347,48.281386,0,0,1
Bisamberg Bahnhst,16762,0,0,0,0,0,16.346974,48.316813,0,0,1
Kapellerfeld Brunnengasse,16739,0,0,0,0,0,16.493111,48.31115,0,0,1
Wien Scottgasse,16879,0,0,0,0,0,16.42038,48.274159,0,0,1
Wien Justgasse/Ruthnergasse,16880,0,0,0,0,0,16.421386,48.276011,0,0,1
Gerasdorf b.Wien Mozartweg,16869,0,0,0,0,0,16.448758,48.2882,0,0,1
Wien Großjedlersdorf (Baumergasse),16870,0,0,0,0,0,16.391947,48.268756,0,0,1
Wien Skraupstraße/Justgasse,16881,0,0,0,0,0,16.41566,48.276613,0,0,1
Wien Berzeliusgasse,16871,0,0,0,0,0,16.410482,48.275678,0,0,1
Wien Skraupstraße/Siemensstraße,16872,0,0,0,0,0,16.413772,48.274204,0,0,1
Wien Ruthnergasse/Siemensstraße,16873,0,0,0,0,0,16.41833,48.272163,0,0,1
Wien Schattenfrohgasse,16882,0,0,0,0,0,16.481947,48.287364,0,0,1
Wien Siemensstraße Bahnhst (Hochbahngasse),16874,0,0,0,0,0,16.420892,48.270851,0,0,1
Wien Edmund-Hawranek-Platz (Alois-Heidel-Park),16875,0,0,0,0,0,16.386526,48.291373,0,0,1
Wien Jedlersdorfer Platz,16876,0,0,0,0,0,16.408343,48.281198,0,0,1
Gerasdorf b.Wien Bahnhst (Bahnstraße),16883,0,0,0,0,0,16.483547,48.293018,0,0,1
Wien Draugasse (Kreisverkehr Ost),16877,0,0,0,0,0,16.438924,48.28544,0,0,1
Wien Achengasse (Aistgasse),16878,0,0,0,0,0,16.449891,48.284389,0,0,1
Gerasdorf b.Wien Josef-Böck-Gasse,16884,0,0,0,0,0,16.478827,48.293513,0,0,1
Gerasdorf b.Wien Dr.-Theodor-Körner-Gasse,16885,0,0,0,0,0,16.462377,48.293045,0,0,1
Gerasdorf b.Wien Florianiplatz,16890,0,0,0,0,0,16.468247,48.299257,0,0,1
Gerasdorf b.Wien Johann-Kaller-Gasse,16886,0,0,0,0,0,16.458611,48.291706,0,0,1
Gerasdorf b.Wien Anzengruberweg,16887,0,0,0,0,0,16.454601,48.290286,0,0,1
Gerasdorf b.Wien Blumenweg,16888,0,0,0,0,0,16.451473,48.289189,0,0,1
Wien Süßenbrunn Bahnhst (Schleife),16891,0,0,0,0,0,16.484383,48.285297,0,0,1
Wien Stallarngasse,16892,0,0,0,0,0,16.487547,48.28287,0,0,1
Wien Süßenbrunner Platz (Schleife),16893,0,0,0,0,0,16.496455,48.277215,0,0,1
Gerasdorf b.Wien Teichgasse,16889,0,0,0,0,0,16.470566,48.298736,0,0,1
Kapellerfeld Bahnhst,16894,0,0,0,0,0,16.495035,48.316543,0,0,1
Wien Ludwiggasse,17264,0,0,0,0,0,16.207623,48.206758,0,0,1
Steinbach b.Wien Lebereckstraße,17286,0,0,0,0,0,16.196063,48.247677,0,0,1
Wien Herzmanskystraße,17265,0,0,0,0,0,16.215066,48.209554,0,0,1
Wien Hütteldorf Bujattigasse (Linzer Straße),17274,0,0,0,0,0,16.255374,48.202524,0,0,1
Wien Hadersdorfer Hauptstraße,17266,0,0,0,0,0,16.219174,48.209922,0,0,1
Wien Badgasse,17267,0,0,0,0,0,16.224001,48.208996,0,0,1
Unterpurkersdorf Bahnhof (Wiener Straße),17261,0,0,0,0,0,16.188746,48.207531,0,0,1
Wien Mariabrunn Kirche,17268,0,0,0,0,0,16.230968,48.207765,0,0,1
Purkersdorf b.Wien Sanatorium (Wiener Straße),17262,0,0,0,0,0,16.20044,48.206281,0,0,1
Wien Mooswiesengasse,17263,0,0,0,0,0,16.202948,48.205032,0,0,1
Wien Hütteldorf Bf (Vorplatz),17275,0,0,0,0,0,16.27746,48.197975,0,0,1
Wien Wienflussaufsicht,17269,0,0,0,0,0,16.233053,48.206362,0,0,1
Wien Wolf in der Au Bahnhst (Hauptstraße),17270,0,0,0,0,0,16.236406,48.204645,0,0,1
Wien Samptwandnergasse,17271,0,0,0,0,0,16.245189,48.203387,0,0,1
Wien Utendorfgasse,17272,0,0,0,0,0,16.24882,48.20372,0,0,1
Wien Wolfersberggasse,17273,0,0,0,0,0,16.251949,48.203935,0,0,1
Wien Bergmillergasse (Stockhammerngasse),17285,0,0,0,0,0,16.256965,48.201715,0,0,1
Steinbach b.Wien Kirche,17288,0,0,0,0,0,16.193645,48.241079,0,0,1
Steinbach b.Wien Berggasse,17287,0,0,0,0,0,16.195083,48.245717,0,0,1
Steinbach b.Wien Feuerwehr,17289,0,0,0,0,0,16.19244,48.236701,0,0,1
Allerheiligenberg b.Wien Talgasse,17290,0,0,0,0,0,16.192674,48.239029,0,0,1
Allerheiligenberg b.Wien Schöffelstraße,17291,0,0,0,0,0,16.18835,48.239461,0,0,1
Steinbach b.Wien Laudongasse,17292,0,0,0,0,0,16.192251,48.234472,0,0,1
Mauerbach Heiligenbergstraße,17293,0,0,0,0,0,16.186139,48.235416,0,0,1
Mauerbach ehem. Fa.Ketterl,17294,0,0,0,0,0,16.182174,48.237609,0,0,1
Mauerbach Heiligenbergsiedlung,17295,0,0,0,0,0,16.178543,48.24036,0,0,1
Wien Mauerbachstraße/Baumschule,17326,0,0,0,0,0,16.21823,48.217958,0,0,1
Wien Sofienalpenstraße,17330,0,0,0,0,0,16.197834,48.231496,0,0,1
Wien Mariabrunn Mauerbachstraße,17323,0,0,0,0,0,16.226815,48.208367,0,0,1
Wien Kasgraben,17327,0,0,0,0,0,16.209574,48.224242,0,0,1
Wien Hadersdorf Bahnhst (Mauerbachstraße),17324,0,0,0,0,0,16.224514,48.2103,0,0,1
Wien Schloss Laudon,17325,0,0,0,0,0,16.221628,48.214623,0,0,1
Wien Greutberggasse,17328,0,0,0,0,0,16.20498,48.227945,0,0,1
Wien Hohe Wand Wiese,17329,0,0,0,0,0,16.201555,48.229635,0,0,1
Mauerbach Steinbachstraße,17331,0,0,0,0,0,16.194004,48.23315,0,0,1
Mötz Kirche,17594,0,0,0,0,0,16.250429,48.312588,0,0,1
Wien Hetzendorf,17608,0,0,0,0,0,16.315853,48.167008,0,0,1
Wien Hetzendorf Bahnhst (Hetzendorfer Straße),17611,0,0,0,0,0,16.313732,48.165749,0,0,1
Wien Hetzendorf Bahnhst (Eckartsaugasse),17610,0,0,0,0,0,16.313732,48.165749,0,0,1
Vösendorf Merkur Markt,17675,0,0,0,0,0,16.326739,48.1307,0,0,1
Vösendorf Haidfeldsiedlung,17676,0,0,0,0,0,16.326766,48.135006,0,0,1
Vösendorf Anton-Benya-Straße 7,17671,0,0,0,0,0,16.31259,48.115832,0,0,1
Vösendorf Anton-Benya-Straße 1,17677,0,0,0,0,0,16.316132,48.117855,0,0,1
Wien Ketzergasse/Lemböckgasse,17678,0,0,0,0,0,16.307223,48.127806,0,0,1
Wien Kellerberggasse,17679,0,0,0,0,0,16.30503,48.125927,0,0,1
Wien Auf der Schanz,17680,0,0,0,0,0,16.302324,48.122493,0,0,1
Brunn/Gebirge Radetzkystraße,17681,0,0,0,0,0,16.299457,48.119661,0,0,1
Brunn/Gebirge Hamerlinggasse,17682,0,0,0,0,0,16.302207,48.116093,0,0,1
Wien Pellmanngasse,17694,0,0,0,0,0,16.288445,48.130754,0,0,1
Wien Josef-Meder-Gasse,17695,0,0,0,0,0,16.293955,48.130017,0,0,1
Wien Brunner Straße/Ketzergasse,17696,0,0,0,0,0,16.297937,48.129469,0,0,1
Wien Liesing Industriegelände Süd,17697,0,0,0,0,0,16.301875,48.128498,0,0,1
Vösendorf Wienerberg,17698,0,0,0,0,0,16.316824,48.118151,0,0,1
Wien Liesing Bad (Manngasse),17704,0,0,0,0,0,16.288445,48.130754,0,0,1
Breitenfurt Laaber Spitz (Laaber Straße),18924,0,0,0,0,0,16.204324,48.138098,0,0,1
Breitenfurt Laaber Straße/IZ,18925,0,0,0,0,0,16.195721,48.143456,0,0,1
Laab im Walde Friedhof,18926,0,0,0,0,0,16.182022,48.151879,0,0,1
Perchtoldsdorf Haydngasse,18933,0,0,0,0,0,16.256929,48.128246,0,0,1
Laab im Walde Tiergartenstraße,18927,0,0,0,0,0,16.181159,48.15445,0,0,1
Laab im Walde Schlossgasse,18928,0,0,0,0,0,16.177257,48.155295,0,0,1
Perchtoldsdorf Berggasse,18934,0,0,0,0,0,16.25798,48.124767,0,0,1
Wien Penzing Bahnhof,19218,0,0,0,0,0,16.305291,48.192609,0,0,1
Wien Speising Bahnhof,19219,0,0,0,0,0,16.283636,48.173606,0,0,1
Wien Rodaun (Beethovenstraße),19244,0,0,0,0,0,16.266799,48.135905,0,0,1
Perchtoldsdorf Friedhof,19253,0,0,0,0,0,16.27319,48.118043,0,0,1
Perchtoldsdorf Eisenhüttelgasse,19254,0,0,0,0,0,16.279635,48.120893,0,0,1
Perchtoldsdorf Bahnhst (Salitergasse),19255,0,0,0,0,0,16.270269,48.117225,0,0,1
Perchtoldsdorf Mühlgasse,19256,0,0,0,0,0,16.281155,48.123832,0,0,1
Perchtoldsdorf Gauguschgasse,19257,0,0,0,0,0,16.277568,48.125441,0,0,1
Perchtoldsdorf Schweglergasse,19258,0,0,0,0,0,16.274422,48.126637,0,0,1
Perchtoldsdorf Heinrich-Waßmuth-Straße,19259,0,0,0,0,0,16.269388,48.124561,0,0,1
Breitenfurt Grüner Baum,19260,0,0,0,0,0,16.194777,48.135878,0,0,1
Breitenfurt Laaber Spitz,19261,0,0,0,0,0,16.204324,48.138098,0,0,1
Breitenfurt Industriezentrum,19262,0,0,0,0,0,16.195721,48.143456,0,0,1
Perchtoldsdorf Am Wallgraben,19319,0,0,0,0,0,16.265325,48.117917,0,0,1
Kaltenleutgeben Gemeindeamt,19339,0,0,0,0,0,16.200045,48.117171,0,0,1
Kaltenleutgeben Wilhelmstraße,19340,0,0,0,0,0,16.204459,48.118816,0,0,1
Kaltenleutgeben Hans-Czettel-Hof,19341,0,0,0,0,0,16.210284,48.120354,0,0,1
Kaltenleutgeben Wiener Graben,19342,0,0,0,0,0,16.217853,48.123572,0,0,1
Wien Rodaun Wohnheim,19344,0,0,0,0,0,16.2297,48.127446,0,0,1
Wien Altes Gh Maut/Kaltenleutgebner Straße,19345,0,0,0,0,0,16.23299,48.129064,0,0,1
Wien Alte Polsterermühle,19346,0,0,0,0,0,16.241836,48.131231,0,0,1
Wien Kaltenleutgebner Straße 10/63,19347,0,0,0,0,0,16.246052,48.131752,0,0,1
Wien Sonnbergstraße (Kaltenleutgebner Straße),19348,0,0,0,0,0,16.23299,48.129064,0,0,1
Perchtoldsdorf Freizeitzentrum (Plättenstraße),19349,0,0,0,0,0,16.266763,48.124012,0,0,1
Perchtoldsdorf Babenbergergasse,19350,0,0,0,0,0,16.277613,48.128624,0,0,1
Perchtoldsdorf Brunner-Feld-Straße,19351,0,0,0,0,0,16.292823,48.123796,0,0,1
Perchtoldsdorf Corneliusgasse,19352,0,0,0,0,0,16.280319,48.118295,0,0,1
Brunn/Gebirge Wolfholzgasse,19361,0,0,0,0,0,16.290216,48.119616,0,0,1
Brunn/Gebirge Blankenfeldgasse,19360,0,0,0,0,0,16.289757,48.118043,0,0,1
Wien Liesing Aquädukt,19388,0,0,0,0,0,16.272138,48.133712,0,0,1
Wien Meidling Bf (Wilhelmstraße),19423,0,0,0,0,0,16.328977,48.183548,0,0,1
Wien Meidling Bf (Dörfelstraße),19424,0,0,0,0,0,16.328977,48.183548,0,0,1
Wien Meidling Bf (Eichenstraße/Bahnhofszugang),19426,0,0,0,0,0,16.331926,48.174433,0,0,1
Wien Meidling Bahnhof (U),19421,0,0,0,0,0,16.331926,48.174433,0,0,1
Wien Unfallkrankenhaus Meidling,19433,0,0,0,0,0,16.344753,48.173741,0,0,1
Wien Meidling Hauptstraße (Unterführung),19436,0,0,0,0,0,16.328977,48.183548,0,0,1
Wien Haschkagasse (Ruckergasse 14),19437,0,0,0,0,0,16.326991,48.180689,0,0,1
Wien Ratschkygasse/Ruckergasse (Ruckergasse),19438,0,0,0,0,0,16.326451,48.1773,0,0,1
Wien Unfallkrankenhaus Meidling (Kundratstraße),19435,0,0,0,0,0,16.344753,48.173741,0,0,1
Wien Meidling Bf (U6),19422,0,0,0,0,0,16.331926,48.174433,0,0,1
Wien Antonsplatz,19453,0,0,0,0,0,16.378786,48.170262,0,0,1
Wien Hohenbergstraße (Ruckergasse),19439,0,0,0,0,0,16.325903,48.174154,0,0,1
Wien Meidling Bf/Schedifkapl. (Philadelphiabr.),19440,0,0,0,0,0,16.331926,48.174433,0,0,1
Wien Hetzendorfer Straße/Hervicusgasse,19475,0,0,0,0,0,16.304742,48.167754,0,0,1
Wien Wienerbergbrücke,19441,0,0,0,0,0,16.32753,48.172248,0,0,1
Wien Arthaberplatz (Laxenburger Straße),19454,0,0,0,0,0,16.372143,48.172482,0,0,1
Wien Am Europlatz,19442,0,0,0,0,0,16.333517,48.171403,0,0,1
Wien Eibesbrunnergasse/Wienerbergstraße,19443,0,0,0,0,0,16.337472,48.171053,0,0,1
Wien Meidling Hauptstraße (Linke Wienzeile),19463,0,0,0,0,0,16.328977,48.183548,0,0,1
Wien Gesundheitszentrum Süd,19444,0,0,0,0,0,16.345104,48.169902,0,0,1
Wien Unfallkrankenhaus Meidling (Köglergasse),19434,0,0,0,0,0,16.344753,48.173741,0,0,1
Wien Fernkorngasse,19455,0,0,0,0,0,16.363577,48.174064,0,0,1
Wien Franz-Josef-Spital,19445,0,0,0,0,0,16.34887,48.174954,0,0,1
Wien Martin-Luther-King-Park,19446,0,0,0,0,0,16.352115,48.175637,0,0,1
Wien Davidgasse/Knöllgasse,19447,0,0,0,0,0,16.356277,48.175466,0,0,1
Wien Belgradplatz (Davidgasse),19456,0,0,0,0,0,16.36043,48.174262,0,0,1
Wien Belgradplatz (Gußriegelstraße),19448,0,0,0,0,0,16.36043,48.174262,0,0,1
Wien Inzersdorfer Straße/Bernhardtstalgasse,19449,0,0,0,0,0,16.361284,48.173111,0,0,1
Wien Hohenfelsplatz,19469,0,0,0,0,0,16.316671,48.174073,0,0,1
Wien Herzgasse,19450,0,0,0,0,0,16.365473,48.172464,0,0,1
Wien Meidling Bf/Schedifkapl. (Breitenfurter Str.),19457,0,0,0,0,0,16.267788,48.13871,0,0,1
Wien Arthaberplatz (Inzersdorfer Straße),19451,0,0,0,0,0,16.361284,48.173111,0,0,1
Wien Inzersdorfer Straße/Ettenreichgasse,19452,0,0,0,0,0,16.375478,48.170765,0,0,1
Wien Rosasgasse,19464,0,0,0,0,0,16.324564,48.181669,0,0,1
Wien Hohenbergstraße (Nr.6-8),19458,0,0,0,0,0,16.325903,48.174154,0,0,1
Wien Haschkagasse (Christine-Busta-Park),19459,0,0,0,0,0,16.326991,48.180689,0,0,1
Wien Pohlgasse/Aichholzgasse,19465,0,0,0,0,0,16.324006,48.178658,0,0,1
Wien Kastanienallee,19460,0,0,0,0,0,16.3414,48.172095,0,0,1
Wien Hans-Mandl-Berufsschule,19461,0,0,0,0,0,16.338551,48.181516,0,0,1
Wien Edelsinnstr./Schönbrunner Allee (Laskegasse),19473,0,0,0,0,0,16.311547,48.171376,0,0,1
Wien Niederhofstraße (Vivenotgasse),19462,0,0,0,0,0,16.331251,48.18113,0,0,1
Wien Theergasse,19466,0,0,0,0,0,16.322757,48.174927,0,0,1
Wien Weißenthurngasse,19470,0,0,0,0,0,16.314478,48.174837,0,0,1
Wien Gatterhölzl,19467,0,0,0,0,0,16.31953,48.175709,0,0,1
Wien Stranitzkygasse,19468,0,0,0,0,0,16.318181,48.176024,0,0,1
Wien Gaßmannstraße (Grünbergstraße),19471,0,0,0,0,0,16.318154,48.238867,0,0,1
Wien Graf-Seilern-Gasse,19472,0,0,0,0,0,16.30876,48.171089,0,0,1
Wien Schloss Hetzendorf,19474,0,0,0,0,0,16.309039,48.167286,0,0,1
Wien Südwestfriedhof 1.Tor,19477,0,0,0,0,0,16.303358,48.161893,0,0,1
Wien Marschallplatz,19476,0,0,0,0,0,16.303574,48.165695,0,0,1
Wien Südwestfriedhof 2.Tor/8.Tor,19478,0,0,0,0,0,16.301057,48.161183,0,0,1
Wien Südwestfriedhof 3.Tor/7.Tor,19479,0,0,0,0,0,16.298729,48.16147,0,0,1
Wien Emil-Behring-Weg,19480,0,0,0,0,0,16.296158,48.161794,0,0,1
Wien Am Rosenhügel (Rosenhügelstraße),19481,0,0,0,0,0,16.291043,48.161794,0,0,1
Wien Am Rosenhügel (Busschleife),19482,0,0,0,0,0,16.291043,48.161794,0,0,1
Wien Meidling Hauptstraße (Schönbrunner Straße),19483,0,0,0,0,0,16.328977,48.183548,0,0,1
Vösendorf-Siebenhirten Bahnhof (Freunschlaggasse),19515,0,0,0,0,0,16.319044,48.125495,0,0,1
Wien Niederhofstraße (Meidlinger Markt),19484,0,0,0,0,0,16.331251,48.18113,0,0,1
Perchtoldsdorf Am Soßenhügel,19498,0,0,0,0,0,16.267653,48.132462,0,0,1
Wien Edelsinnstr./Schönbrunner Allee (Schöpferg.),19485,0,0,0,0,0,16.311547,48.171376,0,0,1
Wien Gaßmannstraße (Schönbrunner Allee),19486,0,0,0,0,0,16.311547,48.171376,0,0,1
Perchtoldsdorf Bahnhst,19499,0,0,0,0,0,16.285478,48.122916,0,0,1
Wien Rotenmühlgasse,19487,0,0,0,0,0,16.323871,48.183737,0,0,1
Wien Perfektastraße (Unterführung),19509,0,0,0,0,0,16.298135,48.137298,0,0,1
Wien Am Rosenhügel (Wundtgasse),19488,0,0,0,0,0,16.291043,48.161794,0,0,1
Perchtoldsdorf Rembrandtgasse,19491,0,0,0,0,0,16.288724,48.123428,0,0,1
Perchtoldsdorf Bachackergasse,19490,0,0,0,0,0,16.289569,48.12483,0,0,1
Perchtoldsdorf Freizeitzentrum,19500,0,0,0,0,0,16.266763,48.124012,0,0,1
Perchtoldsdorf Beatrixheim,19492,0,0,0,0,0,16.256866,48.116263,0,0,1
Perchtoldsdorf Höhenstraße,19489,0,0,0,0,0,16.254627,48.116003,0,0,1
Perchtoldsdorf Rudolf-Hochmayer-Gasse,19493,0,0,0,0,0,16.283303,48.126943,0,0,1
Perchtoldsdorf Sebastian-Kneipp-Gasse,19494,0,0,0,0,0,16.281038,48.126709,0,0,1
Perchtoldsdorf Franz-Vesely-Gasse,19495,0,0,0,0,0,16.279294,48.127113,0,0,1
Wien Industriegelände Liesing West,19502,0,0,0,0,0,16.297982,48.1331,0,0,1
Perchtoldsdorf Balthasar-Krauß-Gasse,19496,0,0,0,0,0,16.274269,48.129505,0,0,1
Perchtoldsdorf Goethestraße,19497,0,0,0,0,0,16.271464,48.130988,0,0,1
Wien Hetmanekgasse,19510,0,0,0,0,0,16.316932,48.137262,0,0,1
Wien An den Steinfeldern,19503,0,0,0,0,0,16.298135,48.137298,0,0,1
Wien Carlbergergasse,19504,0,0,0,0,0,16.297955,48.1412,0,0,1
Wien Löwenthalgasse,19519,0,0,0,0,0,16.278251,48.135977,0,0,1
Wien Kugelmanngasse,19505,0,0,0,0,0,16.30378,48.141074,0,0,1
Wien Stipcakgasse,19511,0,0,0,0,0,16.316635,48.135473,0,0,1
Wien Forchheimergasse,19506,0,0,0,0,0,16.306792,48.140966,0,0,1
Wien Herziggasse,19507,0,0,0,0,0,16.312509,48.140921,0,0,1
Wien Sevcikgasse (Leo-Mathauser-Gasse),19516,0,0,0,0,0,16.318298,48.128875,0,0,1
Wien Eitnergasse,19508,0,0,0,0,0,16.312383,48.13879,0,0,1
Wien Siedlung Wienerflur,19512,0,0,0,0,0,16.31508,48.13212,0,0,1
Wien Akaziengasse,19513,0,0,0,0,0,16.315583,48.130035,0,0,1
Wien Sevcikgasse (Nr.1),19514,0,0,0,0,0,16.318298,48.128875,0,0,1
Wien Maireckergasse,19521,0,0,0,0,0,16.262655,48.135833,0,0,1
Wien Wienerflurgasse,19517,0,0,0,0,0,16.318442,48.131257,0,0,1
Wien Korbgasse,19520,0,0,0,0,0,16.275078,48.136876,0,0,1
Wien Franz-Lehár-Gasse,19501,0,0,0,0,0,16.291267,48.130377,0,0,1
Wien Pumgasse,19518,0,0,0,0,0,16.272246,48.135995,0,0,1
Wien Rudolf-Waisenhorn-Gasse (Rodauner Straße),19523,0,0,0,0,0,16.261414,48.1428,0,0,1
Wien Rodauner Straße (Siedlungsstraße),19522,0,0,0,0,0,16.260228,48.139006,0,0,1
Wien Maurer Berg (Anton-Krieger-Gasse),19524,0,0,0,0,0,16.270359,48.1428,0,0,1
Wien Lindauergasse (Katleingasse),19525,0,0,0,0,0,16.258978,48.145128,0,0,1
Wien Kaserngasse,19526,0,0,0,0,0,16.259185,48.149227,0,0,1
Wien Valentingasse,19527,0,0,0,0,0,16.264201,48.151951,0,0,1
Wien Maurer Hauptplatz (Mitte),19528,0,0,0,0,0,16.268417,48.150728,0,0,1
Wien Lindauergasse (Nr. 32),19529,0,0,0,0,0,16.258978,48.145128,0,0,1
Wien Zouvalgasse,19546,0,0,0,0,0,16.321318,48.137918,0,0,1
Wien Rudolf-Waisenhorn-Gasse (Nr.121),19530,0,0,0,0,0,16.261414,48.1428,0,0,1
Wien Rodaun (Manowardagasse),19531,0,0,0,0,0,16.266799,48.135905,0,0,1
Wien Reumannplatz (Favoritenstraße 119-121),19555,0,0,0,0,0,16.378184,48.174262,0,0,1
Wien Liesinger-Flur-Gasse,19547,0,0,0,0,0,16.305902,48.136642,0,0,1
Vösendorf SCS Park/Europaring,19533,0,0,0,0,0,16.319862,48.117486,0,0,1
Vösendorf-Siebenhirten Bahnhof,19535,0,0,0,0,0,16.319044,48.125495,0,0,1
Wien Hetzendorf Bahnhst (Altmannsdorfer Straße),17609,0,0,0,0,0,16.313732,48.165749,0,0,1
Wien Breitenfurter Straße/Altmannsdorfer Straße,19538,0,0,0,0,0,16.316563,48.165605,0,0,1
Wien Sagedergasse (Altmannsdorfer Straße),19539,0,0,0,0,0,16.32282,48.144292,0,0,1
Wien Eduard-Kittenberger-Gasse,19548,0,0,0,0,0,16.303385,48.136813,0,0,1
Wien Linienamt/Altmannsdorfer Straße,19540,0,0,0,0,0,16.319107,48.156904,0,0,1
Wien Steinsee,19541,0,0,0,0,0,16.320563,48.151969,0,0,1
Wien Gußriegelstraße,19561,0,0,0,0,0,16.358758,48.166315,0,0,1
Wien Alterlaa (Erlaaer Schleife),19542,0,0,0,0,0,16.306585,48.148022,0,0,1
Wien Liesinger Friedhof,19549,0,0,0,0,0,16.294144,48.133541,0,0,1
Wien Rossakgasse/Altmannsdorfer Straße,19543,0,0,0,0,0,16.321642,48.148121,0,0,1
Wien Goldhammergasse/Altmannsdorfer Straße,19544,0,0,0,0,0,16.32282,48.144292,0,0,1
Wien Ettenreichgasse/Schulzentrum,19556,0,0,0,0,0,16.373923,48.168563,0,0,1
Wien Meischlgasse,19545,0,0,0,0,0,16.323638,48.141487,0,0,1
Wien Liesing Feuerwache,19550,0,0,0,0,0,16.289425,48.134098,0,0,1
Wien Erlaaer Spitz,19536,0,0,0,0,0,16.323979,48.137811,0,0,1
Wien Seybelgasse,19551,0,0,0,0,0,16.288427,48.136193,0,0,1
Wien Troststraße/Neilreichgasse,19557,0,0,0,0,0,16.364395,48.170001,0,0,1
Wien Dr.-Neumann-Gasse,19552,0,0,0,0,0,16.288094,48.138071,0,0,1
Wien Perfektastraße (Schleife),19553,0,0,0,0,0,16.312949,48.136498,0,0,1
Wien Neusteinhof,19567,0,0,0,0,0,16.333121,48.157308,0,0,1
Wien Breitenfurter Straße/Hetzendorfer Straße,19554,0,0,0,0,0,16.315502,48.164401,0,0,1
Wien Stefan-Fadinger-Platz (Raxstraße),19562,0,0,0,0,0,16.354641,48.167709,0,0,1
Wien Holbeingasse (Bernhardsthalgasse),19558,0,0,0,0,0,16.361806,48.176419,0,0,1
Wien Starhemberg-Kaserne,19559,0,0,0,0,0,16.357078,48.171161,0,0,1
Wien Computerstraße/Gutheil-Schoder-Gasse,19565,0,0,0,0,0,16.33731,48.159708,0,0,1
Wien Graffgasse,19560,0,0,0,0,0,16.357707,48.168976,0,0,1
Wien Clemens-Holzmeister-Straße (Carl-Appel-Str.),19563,0,0,0,0,0,16.347837,48.169138,0,0,1
Wien Hertha-Firnberg-Straße,19564,0,0,0,0,0,16.346317,48.166486,0,0,1
Wien Gutheil-Schoder-Gasse Bahnhst (Unterführung),19566,0,0,0,0,0,16.335854,48.1596,0,0,1
Wien Purkytgasse (Kinskygasse),19569,0,0,0,0,0,16.334425,48.150063,0,0,1
Wien Schwarzenhaidestraße,19568,0,0,0,0,0,16.328375,48.152382,0,0,1
Wien Triester Straße/Rossakgasse,19570,0,0,0,0,0,16.332708,48.146054,0,0,1
Wien Sobotagasse,19571,0,0,0,0,0,16.330218,48.144175,0,0,1
Wien Dobrowskygasse,19572,0,0,0,0,0,16.332348,48.143348,0,0,1
Wien Hubermanngasse,19573,0,0,0,0,0,16.331368,48.14004,0,0,1
Wien Inzersdorf Zetschegasse,19537,0,0,0,0,0,16.330398,48.138674,0,0,1
Wien Breiteneckergasse,19574,0,0,0,0,0,16.329436,48.144157,0,0,1
Wien Kinskygasse/Rossakgasse,19575,0,0,0,0,0,16.331045,48.146234,0,0,1
Wien Willendorfer Gasse,19576,0,0,0,0,0,16.333256,48.151528,0,0,1
Wien Wienerberg City,19577,0,0,0,0,0,16.344672,48.167754,0,0,1
Wien Clemens-Holzmeister-Straße (Nr.1),19578,0,0,0,0,0,16.347837,48.169138,0,0,1
Wien Holbeingasse (Troststraße),19579,0,0,0,0,0,16.360718,48.170666,0,0,1
Wien Troststraße (Nr.5-9),19580,0,0,0,0,0,16.380342,48.169057,0,0,1
Wien Perfektastraße (Lemböckgasse),19581,0,0,0,0,0,16.312949,48.136498,0,0,1
Wien Talpagasse,19582,0,0,0,0,0,16.309686,48.132228,0,0,1
Wien Basler Gasse,19583,0,0,0,0,0,16.406213,48.217896,0,0,1
Wien Weidlingau Bahnhof,20090,0,0,0,0,0,16.211929,48.210443,0,0,1
Wien Hadersdorf Bahnhof,20091,0,0,0,0,0,16.224514,48.2103,0,0,1
Dürrwien Bahnhof,20086,0,0,0,0,0,16.331926,48.174433,0,0,1
Wien Wolf in der Au Bahnhof,20092,0,0,0,0,0,16.236406,48.204645,0,0,1
Purkersdorf b.Wien Sanatorium Bahnhof,20089,0,0,0,0,0,16.20044,48.206281,0,0,1
Unterpurkersdorf Bahnhof,20088,0,0,0,0,0,16.188746,48.207531,0,0,1
Wien Pfarrwiesenstraße,20301,0,0,0,0,0,16.241503,48.209473,0,0,1
Wien Mondweg,20300,0,0,0,0,0,16.243813,48.207944,0,0,1
Wien Stammhausstraße,20302,0,0,0,0,0,16.239391,48.211306,0,0,1
Wien Glossystraße,20303,0,0,0,0,0,16.235912,48.212439,0,0,1
Wien Josef-Ressel-Straße,20304,0,0,0,0,0,16.233521,48.21119,0,0,1
Wien Hüttergasse,20305,0,0,0,0,0,16.226959,48.213239,0,0,1
Wien Anzengruberstraße,20306,0,0,0,0,0,16.223884,48.213994,0,0,1
Wien Oskar-Simony-Straße,20307,0,0,0,0,0,16.235651,48.211163,0,0,1
Wien Riedstraße,20308,0,0,0,0,0,16.238627,48.210497,0,0,1
Wien Alois-Behr-Straße,20309,0,0,0,0,0,16.241207,48.205823,0,0,1
Wien Freesienweg,20310,0,0,0,0,0,16.242798,48.204484,0,0,1
Wien Hütteldorfer Friedhof,20311,0,0,0,0,0,16.244667,48.204277,0,0,1
Scheiblingstein Tullner Straße,20587,0,0,0,0,0,16.209627,48.265404,0,0,1
Wien Neuwaldegg (Hans-Leinkauf-Platz),20581,0,0,0,0,0,16.291178,48.233591,0,0,1
Steinriegl Hirschbergweg (Weidlingbachstraße),20588,0,0,0,0,0,16.202993,48.272145,0,0,1
Wien Höhenstraße/Marswiese,20582,0,0,0,0,0,16.280058,48.240351,0,0,1
Wien Linienamt Neuwaldegg,20583,0,0,0,0,0,16.277658,48.240126,0,0,1
Wien Exelbergstraße/Parkplatz,20584,0,0,0,0,0,16.270565,48.243793,0,0,1
Unterkirchbach Marienhof,20589,0,0,0,0,0,16.192656,48.287742,0,0,1
Wien Rohrerhüttenweg,20585,0,0,0,0,0,16.262493,48.245591,0,0,1
Wien Exelbergsiedlung,20586,0,0,0,0,0,16.259554,48.244171,0,0,1
Klosterneuburg Mühlengasse (Buchberggasse)),20591,0,0,0,0,0,16.293029,48.312219,0,0,1
Weidling Wintergasse,20648,0,0,0,0,0,16.2956,48.286375,0,0,1
Weidlingbach b.Klosterneuburg Hubertusweg,20627,0,0,0,0,0,16.238357,48.266599,0,0,1
Hintersdorf Arzgrub,20636,0,0,0,0,0,16.21272,48.294547,0,0,1
Steinriegl Hirschbergweg,20616,0,0,0,0,0,16.202993,48.272145,0,0,1
Weidlingbach b.Klosterneuburg Anton-Wallner-Gasse,20628,0,0,0,0,0,16.233386,48.269826,0,0,1
Wien Silbergasse,20617,0,0,0,0,0,16.34878,48.242787,0,0,1
Wien Oberdöbling Bahnhst (Billrothstraße),20618,0,0,0,0,0,16.344268,48.244396,0,0,1
Wien Karthäuserstraße,20619,0,0,0,0,0,16.323871,48.250535,0,0,1
Weidlingbach b.Klosterneuburg Oberweidlingbach,20629,0,0,0,0,0,16.223444,48.273089,0,0,1
Wien Sievering,20620,0,0,0,0,0,16.316788,48.254347,0,0,1
Wien Gspöttgraben,20621,0,0,0,0,0,16.314505,48.25592,0,0,1
Weidling Gschwendt,20642,0,0,0,0,0,16.322352,48.293198,0,0,1
Wien Jägerhaus,20622,0,0,0,0,0,16.301425,48.263929,0,0,1
Steinriegl Schönmais,20630,0,0,0,0,0,16.210805,48.273386,0,0,1
Wien Sieveringer Straße/Rohrerwiese,20623,0,0,0,0,0,16.294854,48.263983,0,0,1
Weidlingbach b.Klosterneuburg Steinrieglstraße,20624,0,0,0,0,0,16.267131,48.26739,0,0,1
Hintersdorf Hutweide,20637,0,0,0,0,0,16.211228,48.290124,0,0,1
Weidlingbach b.Klosterneuburg Talgasse,20625,0,0,0,0,0,16.257513,48.266599,0,0,1
Steinriegl Weidlingbachstraße,20631,0,0,0,0,0,16.205726,48.273692,0,0,1
Weidlingbach b.Klosterneuburg Trafo,20626,0,0,0,0,0,16.245692,48.264594,0,0,1
Steinriegl Tullner Straße,20615,0,0,0,0,0,16.20133,48.268289,0,0,1
Hainbuch b.Wien,20632,0,0,0,0,0,16.178129,48.280083,0,0,1
Maria Gugging Hintersdorfer Straße,20633,0,0,0,0,0,16.255805,48.307464,0,0,1
Hintersdorf Sonnberg 10,20638,0,0,0,0,0,16.215695,48.284101,0,0,1
Haselbach b.Hintersdorf Weingraben,20634,0,0,0,0,0,16.237845,48.303131,0,0,1
Haselbach b.Hintersdorf Im  Hanger,20635,0,0,0,0,0,16.232029,48.299176,0,0,1
Weidling Servitenhof,20646,0,0,0,0,0,16.306252,48.288749,0,0,1
Windischhütte,20639,0,0,0,0,0,16.227417,48.282159,0,0,1
Weidling Steinwandgasse,20643,0,0,0,0,0,16.315368,48.291346,0,0,1
Hintersdorf Sonnberg 1,20640,0,0,0,0,0,16.215479,48.282582,0,0,1
Hintersdorf Kirchengasse,20641,0,0,0,0,0,16.216801,48.300956,0,0,1
Weidling Kirchmayergasse,20644,0,0,0,0,0,16.311601,48.290618,0,0,1
Weidling Kirche,20645,0,0,0,0,0,16.309048,48.290834,0,0,1
Weidling Dehmgasse,20647,0,0,0,0,0,16.302486,48.287068,0,0,1
Weidling Schwedenheim,20650,0,0,0,0,0,16.285011,48.28118,0,0,1
Weidling Hauptstraße,20649,0,0,0,0,0,16.290387,48.284047,0,0,1
Weidling Reitstall,20651,0,0,0,0,0,16.280409,48.279193,0,0,1
Weidling Hinterweidling,20652,0,0,0,0,0,16.275222,48.272954,0,0,1
Weidling Friedhof,20653,0,0,0,0,0,16.302917,48.292785,0,0,1
Weidling Elisabethgasse,20654,0,0,0,0,0,16.298818,48.291958,0,0,1
Weidling Säulenweg,20655,0,0,0,0,0,16.296077,48.290178,0,0,1
Weidling Fograben,20656,0,0,0,0,0,16.284885,48.289369,0,0,1
Klosterneuburg Andreas-Hofer-Straße,20674,0,0,0,0,0,16.331207,48.293108,0,0,1
Weidling Stöllngasse,20657,0,0,0,0,0,16.281298,48.289378,0,0,1
Klosterneuburg Sachsengasse,20670,0,0,0,0,0,16.330424,48.292955,0,0,1
Weidling Rotgraben,20658,0,0,0,0,0,16.274026,48.288883,0,0,1
Exelberg Rotes Kreuz,20662,0,0,0,0,0,16.244416,48.249699,0,0,1
Exelberg Abzw Sofienalpe,20663,0,0,0,0,0,16.236271,48.249969,0,0,1
Weidlingbach b.Klosterneuburg Ortsmitte,20664,0,0,0,0,0,16.257513,48.266599,0,0,1
Klosterneuburg-Weidling Bahnhof (Schömer),20667,0,0,0,0,0,16.334703,48.297342,0,0,1
Wien Heiligenstadt Bf (Boschstraße),20688,0,0,0,0,0,16.365446,48.249034,0,0,1
Klosterneuburg Wolfsgraben,20668,0,0,0,0,0,16.329975,48.290088,0,0,1
Klosterneuburg Stadtfriedhof,20679,0,0,0,0,0,16.320276,48.301199,0,0,1
Klosterneuburg Ubald-Kostersitz-Gasse,20669,0,0,0,0,0,16.329633,48.291922,0,0,1
Klosterneuburg Raphael-Donner-Gasse,20680,0,0,0,0,0,16.322927,48.302637,0,0,1
Klosterneuburg Agnesbrücke (Kollersteig),20671,0,0,0,0,0,16.328887,48.295086,0,0,1
Klosterneuburg Tauchnergasse,20672,0,0,0,0,0,16.32762,48.302439,0,0,1
Klosterneuburg Untere Öden,20673,0,0,0,0,0,16.324564,48.291796,0,0,1
Klosterneuburg Göppingerplatz (Buchberggasse),20681,0,0,0,0,0,16.324429,48.302637,0,0,1
Maria Gugging Am Campus,20689,0,0,0,0,0,16.258951,48.310215,0,0,1
Klosterneuburg Grabmandlgasse,20675,0,0,0,0,0,16.332438,48.29096,0,0,1
Klosterneuburg Happyland,20682,0,0,0,0,0,16.330541,48.310727,0,0,1
Klosterneuburg Kardinal-Piffl-Platz,20678,0,0,0,0,0,16.321705,48.304264,0,0,1
Klosterneuburg-Kierling Bahnhof,20690,0,0,0,0,0,16.326307,48.30981,0,0,1
Klosterneuburg Leopoldsgraben,20691,0,0,0,0,0,16.294899,48.31132,0,0,1
Weidlingbach b.Klosterneuburg,20665,0,0,0,0,0,16.256039,48.266662,0,0,1
Klosterneuburg Agnesbrücke,20676,0,0,0,0,0,16.328887,48.295086,0,0,1
Klosterneuburg-Weidling Bahnhof,20666,0,0,0,0,0,16.334703,48.297342,0,0,1
Klosterneuburg Leopoldbrücke,20677,0,0,0,0,0,16.332528,48.300147,0,0,1
Klosterneuburg Wisentgasse,20683,0,0,0,0,0,16.319664,48.302673,0,0,1
Klosterneuburg Eichberggasse 30,20692,0,0,0,0,0,16.293029,48.312219,0,0,1
Klosterneuburg Meynertgasse,20684,0,0,0,0,0,16.31846,48.301819,0,0,1
Klosterneuburg Roman-Scholz-Platz,20685,0,0,0,0,0,16.326146,48.303536,0,0,1
Klosterneuburg Stiftsgarten,20686,0,0,0,0,0,16.329912,48.304947,0,0,1
Klosterneuburg Mühlengasse,20687,0,0,0,0,0,16.316204,48.306394,0,0,1
Klosterneuburg Dr.-Teichmann-Gasse,20693,0,0,0,0,0,16.299699,48.313001,0,0,1
Klosterneuburg Max-Poosch-Gasse,20694,0,0,0,0,0,16.293416,48.313828,0,0,1
Hadersdorf (Wien) Hauptstraße,21088,0,0,0,0,0,16.219174,48.209922,0,0,1
Wien Zimbagasse,21097,0,0,0,0,0,16.219111,48.206192,0,0,1
Wien Uranusweg,21089,0,0,0,0,0,16.251814,48.207414,0,0,1
Wien Albert-Schweitzer-Gasse,21094,0,0,0,0,0,16.222338,48.20736,0,0,1
Wien Merkurweg,21090,0,0,0,0,0,16.249737,48.207639,0,0,1
Wien Siriusweg,21091,0,0,0,0,0,16.247733,48.20754,0,0,1
Wien Ferdinand-Frey-Weg,21092,0,0,0,0,0,16.227777,48.215019,0,0,1
Wien Auhof (Albert-Schweitzer-Gasse),21095,0,0,0,0,0,16.222338,48.20736,0,0,1
Wien Cottagestraße,21093,0,0,0,0,0,16.226266,48.215127,0,0,1
Wien Wolfgang-Pauli-Gasse,21096,0,0,0,0,0,16.215983,48.207073,0,0,1
Wien Spittelau Bahnhst (U6),21609,0,0,0,0,0,16.358381,48.235353,0,0,1
Wien Gumpendorfer Straße (U6),21618,0,0,0,0,0,16.337454,48.190946,0,0,1
Wien Nußdorfer Straße (U6),21610,0,0,0,0,0,16.352367,48.231316,0,0,1
Wien Währinger Straße-Volksoper (U6),21611,0,0,0,0,0,16.349401,48.225366,0,0,1
Wien Erlaaer Straße (U6),21624,0,0,0,0,0,16.316653,48.141577,0,0,1
Siebenhirten (Wien),21602,0,0,0,0,0,16.309695,48.129577,0,0,1
Wien Michelbeuern-AKH (U6),21612,0,0,0,0,0,16.343926,48.221249,0,0,1
Wien Floridsdorf Bf (U6),21604,0,0,0,0,0,16.400352,48.256828,0,0,1
Wien Neue Donau (U6),21605,0,0,0,0,0,16.3953,48.24676,0,0,1
Wien Längenfeldgasse (U4/U6 Gleis 2),21619,0,0,0,0,0,16.335261,48.184914,0,0,1
Wien Handelskai Bahnhst (U6),21606,0,0,0,0,0,16.384908,48.241753,0,0,1
Wien Alser Straße (U6),21613,0,0,0,0,0,16.341787,48.216835,0,0,1
Wien Dresdner Straße (U6),21607,0,0,0,0,0,16.38018,48.237177,0,0,1
Wien Jägerstraße (U6),21608,0,0,0,0,0,16.33838,48.195467,0,0,1
Wien Josefstädter Straße (U6),21614,0,0,0,0,0,16.339072,48.211396,0,0,1
Wien Thaliastraße (U6),21615,0,0,0,0,0,16.337993,48.207792,0,0,1
Wien Niederhofstraße (U6),21620,0,0,0,0,0,16.331251,48.18113,0,0,1
Wien Burggasse-Stadthalle (U6),21616,0,0,0,0,0,16.337373,48.202012,0,0,1
Wien Westbahnhof (U6),21617,0,0,0,0,0,16.337607,48.19687,0,0,1
Wien Tscherttegasse (U6),21621,0,0,0,0,0,16.328141,48.164967,0,0,1
Wien Perfektastraße (U6),21625,0,0,0,0,0,16.312949,48.136498,0,0,1
Wien Am Schöpfwerk (U6),21622,0,0,0,0,0,16.324366,48.161389,0,0,1
Wien Alterlaa (U6),21623,0,0,0,0,0,16.317183,48.15053,0,0,1
Wien Siebenhirten (U6),21603,0,0,0,0,0,16.309695,48.128974,0,0,1
Wien Längenfeldgasse (U4/U6 Gleis 1),21626,0,0,0,0,0,16.335261,48.184914,0,0,1
Wien Türkenschanzplatz (Gersthofer Straße),22382,0,0,0,0,0,16.327296,48.234876,0,0,1
Wien Spitalgasse,22375,0,0,0,0,0,16.353248,48.222246,0,0,1
Wien Aumannplatz (Währinger Straße),22379,0,0,0,0,0,16.336411,48.228404,0,0,1
Wien Währinger Straße-Volksoper (Unterführung),22376,0,0,0,0,0,16.349401,48.225366,0,0,1
Wien Schottentor (Tiefgeschoß),22373,0,0,0,0,0,16.362102,48.214201,0,0,1
Wien Schwarzspanierstraße,22374,0,0,0,0,0,16.359217,48.217203,0,0,1
Wien Kutschkergasse,22377,0,0,0,0,0,16.34478,48.226148,0,0,1
Wien Gersthof Bahnhst (Gentzgasse),22381,0,0,0,0,0,16.329085,48.231325,0,0,1
Wien Martinstraße,22378,0,0,0,0,0,16.342245,48.226597,0,0,1
Wien Weinhauser Gasse,22380,0,0,0,0,0,16.331377,48.230247,0,0,1
Wien Erndtgasse,22383,0,0,0,0,0,16.322658,48.237357,0,0,1
Wien Scheibenbergstraße,22384,0,0,0,0,0,16.318154,48.238867,0,0,1
Wien Pötzleinsdorf (Straßenbahnschleife),22385,0,0,0,0,0,16.310999,48.240755,0,0,1
Wien Josef-Baumann-Gasse,22420,0,0,0,0,0,16.430232,48.251272,0,0,1
Wien Winkeläckerstraße,22414,0,0,0,0,0,16.389825,48.273458,0,0,1
Wien Koloniestraße,22415,0,0,0,0,0,16.39325,48.26597,0,0,1
Wien Forstnergasse,22424,0,0,0,0,0,16.454116,48.247515,0,0,1
Wien Floridsdorf Bf (Schlosshofer Straße),22416,0,0,0,0,0,16.394922,48.262015,0,0,1
Wien Saikogasse (Donaufelder Straße),22421,0,0,0,0,0,16.435347,48.250742,0,0,1
Wien Edmund-Hawranek-Platz (Straßenbahnschleife),22413,0,0,0,0,0,16.386526,48.291373,0,0,1
Wien Hoßplatz,22417,0,0,0,0,0,16.375326,48.185507,0,0,1
Wien Fultonstraße,22418,0,0,0,0,0,16.414519,48.253214,0,0,1
Wien Carminweg,22419,0,0,0,0,0,16.421045,48.25316,0,0,1
Wien Kagraner Platz (Donaufelder Straße),22422,0,0,0,0,0,16.443769,48.249879,0,0,1
Wien Gewerbepark Stadlau (Straßenbahnbrücke),22425,0,0,0,0,0,16.462638,48.245564,0,0,1
Wien Kraygasse,22423,0,0,0,0,0,16.449298,48.248576,0,0,1
Wien Oberfeldgasse/Spargelfeldstraße,22427,0,0,0,0,0,16.473856,48.240989,0,0,1
Wien Süßenbrunner Straße/Oberfeldgasse,22426,0,0,0,0,0,16.468706,48.24302,0,0,1
Wien Prinzgasse,22429,0,0,0,0,0,16.482028,48.239964,0,0,1
Wien Ziegelhofstraße/Oberfeldgasse,22428,0,0,0,0,0,16.478189,48.239883,0,0,1
Wien Zanggasse,22430,0,0,0,0,0,16.484437,48.238813,0,0,1
Wien Am Heidjöchl,22431,0,0,0,0,0,16.487835,48.237123,0,0,1
Wien Hausfeldstraße (Unterführung),22432,0,0,0,0,0,16.486612,48.233708,0,0,1
Wien Hausfeldstraße (Straßenbahnschleife),22433,0,0,0,0,0,16.486612,48.233708,0,0,1
Wien Anton-Krieger-Gasse (Straßenbahn),22474,0,0,0,0,0,16.270359,48.1428,0,0,1
Wien Rodaun (Straßenbahnschleife),22472,0,0,0,0,0,16.266799,48.135905,0,0,1
Wien Breitenfurter Straße/Liesingbrücke (Brücke),22473,0,0,0,0,0,16.267788,48.13871,0,0,1
Wien Maurer Hauptplatz (Speisinger Straße),22476,0,0,0,0,0,16.268417,48.150728,0,0,1
Wien Maurer Lange Gasse (Straßenbahn),22475,0,0,0,0,0,16.268147,48.147429,0,0,1
Wien Franz-Asenbauer-Gasse (Speisinger Straße),22477,0,0,0,0,0,16.271365,48.154818,0,0,1
Wien Sillerplatz,22478,0,0,0,0,0,16.276489,48.15969,0,0,1
Wien Riedelgasse,22479,0,0,0,0,0,16.27959,48.163259,0,0,1
Wien Hermesstraße (Speisinger Straße 57),22480,0,0,0,0,0,16.269181,48.150548,0,0,1
Wien Hofwiesengasse (Feldkellergasse 8),22481,0,0,0,0,0,16.287285,48.170208,0,0,1
Wien Preyergasse (Straßenbahn),22482,0,0,0,0,0,16.286359,48.173651,0,0,1
Wien Jagdschlossgasse,22483,0,0,0,0,0,16.283645,48.177093,0,0,1
Wien Stadlergasse,22484,0,0,0,0,0,16.285811,48.181624,0,0,1
Wien Gloriettegasse,22485,0,0,0,0,0,16.291609,48.18299,0,0,1
Wien Dommayergasse,22486,0,0,0,0,0,16.298827,48.186469,0,0,1
Wien Hietzing (Kennedybrücke Westseite),22487,0,0,0,0,0,16.303457,48.188069,0,0,1
Wien Schloss Schönbrunn (Hadikgasse),22488,0,0,0,0,0,16.314244,48.176941,0,0,1
Wien Penzinger Straße (Schlossallee),22489,0,0,0,0,0,16.315215,48.190326,0,0,1
Wien Rudolfsheim Anschützgasse (Mariahilfer Str.),22490,0,0,0,0,0,16.323035,48.190398,0,0,1
Wien Rustengasse,22491,0,0,0,0,0,16.327413,48.191359,0,0,1
Wien Mariahilfer Straße/Geibelgasse (Nr.170),22492,0,0,0,0,0,16.331557,48.191701,0,0,1
Wien Staglgasse,22493,0,0,0,0,0,16.335234,48.194191,0,0,1
Wien Westbahnhof (Gerstnerstraße),22494,0,0,0,0,0,16.337607,48.19687,0,0,1
Wien Westbahnhof (Schleife Süd),22495,0,0,0,0,0,16.337607,48.19687,0,0,1
Flughafen Linz Terminal,22528,0,0,0,0,0,16.563973,48.120587,0,0,1
Wien Holubstraße,23504,0,0,0,0,0,16.394563,48.23182,0,0,1
Wien Pensionistenwohnhaus Prater,23495,0,0,0,0,0,16.418636,48.213356,0,0,1
Wien Sturgasse,23496,0,0,0,0,0,16.415247,48.215783,0,0,1
Wien Leystraße,23510,0,0,0,0,0,16.376953,48.244045,0,0,1
Wien Elderschplatz (Engerthstraße),23497,0,0,0,0,0,16.411426,48.217671,0,0,1
Wien Engerthstraße/Innstraße,23505,0,0,0,0,0,16.392522,48.233519,0,0,1
Wien Hillerstraße (Engerthstraße ggü.197),23498,0,0,0,0,0,16.397565,48.229276,0,0,1
Wien Busterminal Stadion Center,23492,0,0,0,0,0,16.421,48.210309,0,0,1
Wien Stadion (Meiereistraße),23493,0,0,0,0,0,16.421,48.210309,0,0,1
Wien Jungstraße,23499,0,0,0,0,0,16.405853,48.22097,0,0,1
Wien Lassallestraße,23500,0,0,0,0,0,16.402491,48.223532,0,0,1
Wien Engerthstraße/Traisengasse,23506,0,0,0,0,0,16.389196,48.236332,0,0,1
Wien Vorgartenstraße (Westseite),23501,0,0,0,0,0,16.401862,48.224071,0,0,1
Wien Walcherstraße,23502,0,0,0,0,0,16.401197,48.226166,0,0,1
Wien Geistingergasse,23514,0,0,0,0,0,16.362894,48.245582,0,0,1
Wien Pensionsversicherungsanstalt,23503,0,0,0,0,0,16.397565,48.229276,0,0,1
Wien Forsthausgasse,23511,0,0,0,0,0,16.375101,48.245241,0,0,1
Wien Allerheiligengasse,23507,0,0,0,0,0,16.3864,48.238759,0,0,1
Wien Handelskai Bahnhst (Engerthstraße),23508,0,0,0,0,0,16.384908,48.241753,0,0,1
Wien Friedrich-Engels-Platz (Vorgartenstraße),23509,0,0,0,0,0,16.37956,48.24409,0,0,1
Wien Dr.-Adolf-Schärf-Heim (Forsthausgasse),23512,0,0,0,0,0,16.368781,48.2448,0,0,1
Wien Heiligenstadt Bf (Josef-Hindels-Gasse),23515,0,0,0,0,0,16.365446,48.249034,0,0,1
Wien Muthgasse,23513,0,0,0,0,0,16.366157,48.245043,0,0,1
Wien Michael-Neumann-Gasse,23518,0,0,0,0,0,16.367343,48.247092,0,0,1
Wien Mooslackengasse,23517,0,0,0,0,0,16.368332,48.248782,0,0,1
Wien Hillerstraße (Engerthstraße ggü.201),23516,0,0,0,0,0,16.397565,48.229276,0,0,1
Wien Dr.-Adolf-Schärf-Heim (Brigittenauer Lände),23519,0,0,0,0,0,16.368781,48.2448,0,0,1
Wien Friedrich-Engels-Platz (Nr.20),23520,0,0,0,0,0,16.37956,48.24409,0,0,1
Wien Praterbrücke,23521,0,0,0,0,0,16.434268,48.203342,0,0,1
Wien Stadion (Engerthstraße),23494,0,0,0,0,0,16.397565,48.229276,0,0,1
Wien Messe-Prater (Ausstellungsstraße),23522,0,0,0,0,0,16.406213,48.217896,0,0,1
Wien Perspektivstraße,23523,0,0,0,0,0,16.401098,48.217922,0,0,1
Wien Venediger Au,23524,0,0,0,0,0,16.396999,48.21794,0,0,1
Wien Klaschkaweg,23539,0,0,0,0,0,16.414042,48.199027,0,0,1
Wien Praterstern Bf (Heinestraße),23525,0,0,0,0,0,16.392153,48.219082,0,0,1
Wien Praterstern Bf (Hauptallee),23526,0,0,0,0,0,16.405628,48.209005,0,0,1
Wien Donaumarina (Wehlistraße),23527,0,0,0,0,0,16.431203,48.206066,0,0,1
Wien Stadionbad,23540,0,0,0,0,0,16.416451,48.204403,0,0,1
Wien Rennweg Bahnhst (Ungargasse),23528,0,0,0,0,0,16.38623,48.19491,0,0,1
Wien Krankenanstalt Rudolfstiftung,23529,0,0,0,0,0,16.390832,48.196627,0,0,1
Wien Eslarngasse,23530,0,0,0,0,0,16.395875,48.19678,0,0,1
Wien Pierre-de-Coubertin-Platz,23541,0,0,0,0,0,16.418384,48.206497,0,0,1
Wien Hainburger Straße,23531,0,0,0,0,0,16.397097,48.198991,0,0,1
Wien Apostelgasse,23532,0,0,0,0,0,16.398266,48.200331,0,0,1
Wien Kardinal-Nagl-Platz (Erdbergstraße),23533,0,0,0,0,0,16.401035,48.196978,0,0,1
Wien Ernst-Happel-Stadion,23542,0,0,0,0,0,16.419346,48.208933,0,0,1
Wien Lechnerstraße,23534,0,0,0,0,0,16.405053,48.196582,0,0,1
Wien Erdbergstraße/Schlachthausgasse,23535,0,0,0,0,0,16.408298,48.195018,0,0,1
Wien Ludwig-Koeßler-Platz (Schnirchgasse),23550,0,0,0,0,0,16.409035,48.195818,0,0,1
Wien Schlachthausgasse (Markhofgasse),23536,0,0,0,0,0,16.407408,48.194371,0,0,1
Wien Marathonweg,23543,0,0,0,0,0,16.426888,48.208673,0,0,1
Wien Ludwig-Koeßler-Platz (Schlachthausgasse),23537,0,0,0,0,0,16.407408,48.194371,0,0,1
Wien Schüttelstraße,23538,0,0,0,0,0,16.411363,48.197032,0,0,1
Wien Schipanygasse,23544,0,0,0,0,0,16.436983,48.201445,0,0,1
Wien Kardinal-Nagl-Platz (Rabengasse),23551,0,0,0,0,0,16.401035,48.196978,0,0,1
Wien Stadlauer Brücke,23545,0,0,0,0,0,16.438682,48.200277,0,0,1
Wien Praterkai Bahnhst (Handelskai),23546,0,0,0,0,0,16.441037,48.199504,0,0,1
Wien Aspernallee (Schule),23547,0,0,0,0,0,16.44474,48.197301,0,0,1
Wien Rabengasse,23552,0,0,0,0,0,16.397601,48.194083,0,0,1
Wien Lusthaus,23548,0,0,0,0,0,16.439464,48.192968,0,0,1
Wien Klimschgasse,23553,0,0,0,0,0,16.395911,48.19269,0,0,1
Küb Bahnhst (Bahngasse),24825,0,0,0,0,0,16.38338,48.234786,0,0,1
Flughafen Wien CAT-Terminal,25023,0,0,0,0,0,16.563973,48.120587,0,0,1
Köppling Bahnhof,29184,0,0,0,0,0,16.331926,48.174433,0,0,1
Wien Aichholzgasse,30135,0,0,0,0,0,16.324141,48.18033,0,0,1
Wien Tivoligasse (Nr.52),30136,0,0,0,0,0,16.32175,48.180518,0,0,1
Wien Schwenkgasse (Pohlgasse),30137,0,0,0,0,0,16.320788,48.178882,0,0,1
Wien Ruckergasse/Pohlgasse,30138,0,0,0,0,0,16.327081,48.178397,0,0,1
Wien Meidlinger Hauptstraße/Pohlgasse,30139,0,0,0,0,0,16.329687,48.178163,0,0,1
Wien Zeleborgasse,30140,0,0,0,0,0,16.333822,48.176797,0,0,1
Wien Dörfelstraße (Hoffmeistergasse),30141,0,0,0,0,0,16.296176,48.164518,0,0,1
Wien Meidling Bf (Eichenstraße/Wilhelmstraße),19425,0,0,0,0,0,16.328977,48.183548,0,0,1
